"AreaCode","AreaName","Date","TotalCases"
"S08000015","Ayrshire and Arran","2020-08-07","1279"
"S08000016","Borders","2020-08-07","347"
"S08000017","Dumfries and Galloway","2020-08-07","305"
"S08000029","Fife","2020-08-07","952"
"S08000019","Forth Valley","2020-08-07","1100"
"S08000020","Grampian","2020-08-07","1597"
"S08000031","Greater Glasgow and Clyde","2020-08-07","5041"
"S08000022","Highland","2020-08-07","385"
"S08000032","Lanarkshire","2020-08-07","2792"
"S08000024","Lothian","2020-08-07","3219"
"S08000025","Orkney","2020-08-07","9"
"S08000026","Shetland","2020-08-07","54"
"S08000030","Tayside","2020-08-07","1803"
"S08000028","Western Isles","2020-08-07","7"
"S08000015","Ayrshire and Arran","2020-08-06","1278"
"S08000016","Borders","2020-08-06","347"
"S08000017","Dumfries and Galloway","2020-08-06","305"
"S08000029","Fife","2020-08-06","948"
"S08000019","Forth Valley","2020-08-06","1099"
"S08000020","Grampian","2020-08-06","1570"
"S08000031","Greater Glasgow and Clyde","2020-08-06","5036"
"S08000022","Highland","2020-08-06","385"
"S08000032","Lanarkshire","2020-08-06","2790"
"S08000024","Lothian","2020-08-06","3218"
"S08000025","Orkney","2020-08-06","9"
"S08000026","Shetland","2020-08-06","54"
"S08000030","Tayside","2020-08-06","1801"
"S08000028","Western Isles","2020-08-06","7"
"S08000015","Ayrshire and Arran","2020-08-05","1278"
"S08000016","Borders","2020-08-05","347"
"S08000017","Dumfries and Galloway","2020-08-05","304"
"S08000029","Fife","2020-08-05","948"
"S08000019","Forth Valley","2020-08-05","1098"
"S08000020","Grampian","2020-08-05","1532"
"S08000031","Greater Glasgow and Clyde","2020-08-05","5019"
"S08000022","Highland","2020-08-05","385"
"S08000032","Lanarkshire","2020-08-05","2788"
"S08000024","Lothian","2020-08-05","3215"
"S08000025","Orkney","2020-08-05","9"
"S08000026","Shetland","2020-08-05","54"
"S08000030","Tayside","2020-08-05","1797"
"S08000028","Western Isles","2020-08-05","7"
"S08000015","Ayrshire and Arran","2020-08-04","1277"
"S08000016","Borders","2020-08-04","347"
"S08000017","Dumfries and Galloway","2020-08-04","304"
"S08000029","Fife","2020-08-04","947"
"S08000019","Forth Valley","2020-08-04","1097"
"S08000020","Grampian","2020-08-04","1496"
"S08000031","Greater Glasgow and Clyde","2020-08-04","5004"
"S08000022","Highland","2020-08-04","383"
"S08000032","Lanarkshire","2020-08-04","2785"
"S08000024","Lothian","2020-08-04","3212"
"S08000025","Orkney","2020-08-04","9"
"S08000026","Shetland","2020-08-04","54"
"S08000030","Tayside","2020-08-04","1795"
"S08000028","Western Isles","2020-08-04","7"
"S08000015","Ayrshire and Arran","2020-08-03","1277"
"S08000016","Borders","2020-08-03","347"
"S08000017","Dumfries and Galloway","2020-08-03","303"
"S08000029","Fife","2020-08-03","947"
"S08000019","Forth Valley","2020-08-03","1097"
"S08000020","Grampian","2020-08-03","1481"
"S08000031","Greater Glasgow and Clyde","2020-08-03","5000"
"S08000022","Highland","2020-08-03","383"
"S08000032","Lanarkshire","2020-08-03","2785"
"S08000024","Lothian","2020-08-03","3209"
"S08000025","Orkney","2020-08-03","9"
"S08000026","Shetland","2020-08-03","54"
"S08000030","Tayside","2020-08-03","1795"
"S08000028","Western Isles","2020-08-03","7"
"S08000015","Ayrshire and Arran","2020-08-02","1277"
"S08000016","Borders","2020-08-02","347"
"S08000017","Dumfries and Galloway","2020-08-02","303"
"S08000029","Fife","2020-08-02","947"
"S08000019","Forth Valley","2020-08-02","1097"
"S08000020","Grampian","2020-08-02","1470"
"S08000031","Greater Glasgow and Clyde","2020-08-02","4994"
"S08000022","Highland","2020-08-02","383"
"S08000032","Lanarkshire","2020-08-02","2785"
"S08000024","Lothian","2020-08-02","3208"
"S08000025","Orkney","2020-08-02","9"
"S08000026","Shetland","2020-08-02","54"
"S08000030","Tayside","2020-08-02","1795"
"S08000028","Western Isles","2020-08-02","7"
"S08000015","Ayrshire and Arran","2020-08-01","1277"
"S08000016","Borders","2020-08-01","347"
"S08000017","Dumfries and Galloway","2020-08-01","302"
"S08000029","Fife","2020-08-01","946"
"S08000019","Forth Valley","2020-08-01","1097"
"S08000020","Grampian","2020-08-01","1457"
"S08000031","Greater Glasgow and Clyde","2020-08-01","4986"
"S08000022","Highland","2020-08-01","383"
"S08000032","Lanarkshire","2020-08-01","2784"
"S08000024","Lothian","2020-08-01","3203"
"S08000025","Orkney","2020-08-01","9"
"S08000026","Shetland","2020-08-01","54"
"S08000030","Tayside","2020-08-01","1793"
"S08000028","Western Isles","2020-08-01","7"
"S08000015","Ayrshire and Arran","2020-07-31","1276"
"S08000016","Borders","2020-07-31","347"
"S08000017","Dumfries and Galloway","2020-07-31","302"
"S08000029","Fife","2020-07-31","946"
"S08000019","Forth Valley","2020-07-31","1096"
"S08000020","Grampian","2020-07-31","1451"
"S08000031","Greater Glasgow and Clyde","2020-07-31","4983"
"S08000022","Highland","2020-07-31","382"
"S08000032","Lanarkshire","2020-07-31","2784"
"S08000024","Lothian","2020-07-31","3198"
"S08000025","Orkney","2020-07-31","9"
"S08000026","Shetland","2020-07-31","54"
"S08000030","Tayside","2020-07-31","1792"
"S08000028","Western Isles","2020-07-31","7"
"S08000015","Ayrshire and Arran","2020-07-30","1275"
"S08000016","Borders","2020-07-30","347"
"S08000017","Dumfries and Galloway","2020-07-30","301"
"S08000029","Fife","2020-07-30","943"
"S08000019","Forth Valley","2020-07-30","1096"
"S08000020","Grampian","2020-07-30","1448"
"S08000031","Greater Glasgow and Clyde","2020-07-30","4976"
"S08000022","Highland","2020-07-30","381"
"S08000032","Lanarkshire","2020-07-30","2780"
"S08000024","Lothian","2020-07-30","3193"
"S08000025","Orkney","2020-07-30","9"
"S08000026","Shetland","2020-07-30","54"
"S08000030","Tayside","2020-07-30","1787"
"S08000028","Western Isles","2020-07-30","7"
"S08000015","Ayrshire and Arran","2020-07-29","1275"
"S08000016","Borders","2020-07-29","347"
"S08000017","Dumfries and Galloway","2020-07-29","301"
"S08000029","Fife","2020-07-29","941"
"S08000019","Forth Valley","2020-07-29","1092"
"S08000020","Grampian","2020-07-29","1446"
"S08000031","Greater Glasgow and Clyde","2020-07-29","4971"
"S08000022","Highland","2020-07-29","381"
"S08000032","Lanarkshire","2020-07-29","2779"
"S08000024","Lothian","2020-07-29","3192"
"S08000025","Orkney","2020-07-29","9"
"S08000026","Shetland","2020-07-29","54"
"S08000030","Tayside","2020-07-29","1785"
"S08000028","Western Isles","2020-07-29","7"
"S08000015","Ayrshire and Arran","2020-07-28","1275"
"S08000016","Borders","2020-07-28","347"
"S08000017","Dumfries and Galloway","2020-07-28","300"
"S08000029","Fife","2020-07-28","941"
"S08000019","Forth Valley","2020-07-28","1091"
"S08000020","Grampian","2020-07-28","1445"
"S08000031","Greater Glasgow and Clyde","2020-07-28","4957"
"S08000022","Highland","2020-07-28","381"
"S08000032","Lanarkshire","2020-07-28","2779"
"S08000024","Lothian","2020-07-28","3187"
"S08000025","Orkney","2020-07-28","9"
"S08000026","Shetland","2020-07-28","54"
"S08000030","Tayside","2020-07-28","1785"
"S08000028","Western Isles","2020-07-28","7"
"S08000015","Ayrshire and Arran","2020-07-27","1275"
"S08000016","Borders","2020-07-27","347"
"S08000017","Dumfries and Galloway","2020-07-27","300"
"S08000029","Fife","2020-07-27","940"
"S08000019","Forth Valley","2020-07-27","1091"
"S08000020","Grampian","2020-07-27","1445"
"S08000031","Greater Glasgow and Clyde","2020-07-27","4954"
"S08000022","Highland","2020-07-27","381"
"S08000032","Lanarkshire","2020-07-27","2779"
"S08000024","Lothian","2020-07-27","3187"
"S08000025","Orkney","2020-07-27","9"
"S08000026","Shetland","2020-07-27","54"
"S08000030","Tayside","2020-07-27","1785"
"S08000028","Western Isles","2020-07-27","7"
"S08000015","Ayrshire and Arran","2020-07-26","1274"
"S08000016","Borders","2020-07-26","347"
"S08000017","Dumfries and Galloway","2020-07-26","300"
"S08000029","Fife","2020-07-26","940"
"S08000019","Forth Valley","2020-07-26","1091"
"S08000020","Grampian","2020-07-26","1445"
"S08000031","Greater Glasgow and Clyde","2020-07-26","4953"
"S08000022","Highland","2020-07-26","381"
"S08000032","Lanarkshire","2020-07-26","2778"
"S08000024","Lothian","2020-07-26","3187"
"S08000025","Orkney","2020-07-26","9"
"S08000026","Shetland","2020-07-26","54"
"S08000030","Tayside","2020-07-26","1785"
"S08000028","Western Isles","2020-07-26","7"
"S08000015","Ayrshire and Arran","2020-07-25","1274"
"S08000016","Borders","2020-07-25","347"
"S08000017","Dumfries and Galloway","2020-07-25","300"
"S08000029","Fife","2020-07-25","940"
"S08000019","Forth Valley","2020-07-25","1091"
"S08000020","Grampian","2020-07-25","1445"
"S08000031","Greater Glasgow and Clyde","2020-07-25","4949"
"S08000022","Highland","2020-07-25","381"
"S08000032","Lanarkshire","2020-07-25","2778"
"S08000024","Lothian","2020-07-25","3187"
"S08000025","Orkney","2020-07-25","9"
"S08000026","Shetland","2020-07-25","54"
"S08000030","Tayside","2020-07-25","1785"
"S08000028","Western Isles","2020-07-25","7"
"S08000015","Ayrshire and Arran","2020-07-24","1273"
"S08000016","Borders","2020-07-24","346"
"S08000017","Dumfries and Galloway","2020-07-24","300"
"S08000029","Fife","2020-07-24","939"
"S08000019","Forth Valley","2020-07-24","1091"
"S08000020","Grampian","2020-07-24","1442"
"S08000031","Greater Glasgow and Clyde","2020-07-24","4940"
"S08000022","Highland","2020-07-24","381"
"S08000032","Lanarkshire","2020-07-24","2770"
"S08000024","Lothian","2020-07-24","3184"
"S08000025","Orkney","2020-07-24","9"
"S08000026","Shetland","2020-07-24","54"
"S08000030","Tayside","2020-07-24","1784"
"S08000028","Western Isles","2020-07-24","7"
"S08000015","Ayrshire and Arran","2020-07-23","1272"
"S08000016","Borders","2020-07-23","346"
"S08000017","Dumfries and Galloway","2020-07-23","300"
"S08000029","Fife","2020-07-23","939"
"S08000019","Forth Valley","2020-07-23","1092"
"S08000020","Grampian","2020-07-23","1441"
"S08000031","Greater Glasgow and Clyde","2020-07-23","4926"
"S08000022","Highland","2020-07-23","379"
"S08000032","Lanarkshire","2020-07-23","2769"
"S08000024","Lothian","2020-07-23","3183"
"S08000025","Orkney","2020-07-23","9"
"S08000026","Shetland","2020-07-23","54"
"S08000030","Tayside","2020-07-23","1783"
"S08000028","Western Isles","2020-07-23","7"
"S08000015","Ayrshire and Arran","2020-07-22","1270"
"S08000016","Borders","2020-07-22","346"
"S08000017","Dumfries and Galloway","2020-07-22","300"
"S08000029","Fife","2020-07-22","938"
"S08000019","Forth Valley","2020-07-22","1092"
"S08000020","Grampian","2020-07-22","1440"
"S08000031","Greater Glasgow and Clyde","2020-07-22","4921"
"S08000022","Highland","2020-07-22","378"
"S08000032","Lanarkshire","2020-07-22","2765"
"S08000024","Lothian","2020-07-22","3182"
"S08000025","Orkney","2020-07-22","9"
"S08000026","Shetland","2020-07-22","54"
"S08000030","Tayside","2020-07-22","1782"
"S08000028","Western Isles","2020-07-22","7"
"S08000015","Ayrshire and Arran","2020-07-21","1269"
"S08000016","Borders","2020-07-21","346"
"S08000017","Dumfries and Galloway","2020-07-21","300"
"S08000029","Fife","2020-07-21","937"
"S08000019","Forth Valley","2020-07-21","1092"
"S08000020","Grampian","2020-07-21","1440"
"S08000031","Greater Glasgow and Clyde","2020-07-21","4918"
"S08000022","Highland","2020-07-21","378"
"S08000032","Lanarkshire","2020-07-21","2762"
"S08000024","Lothian","2020-07-21","3181"
"S08000025","Orkney","2020-07-21","9"
"S08000026","Shetland","2020-07-21","54"
"S08000030","Tayside","2020-07-21","1781"
"S08000028","Western Isles","2020-07-21","7"
"S08000015","Ayrshire and Arran","2020-07-20","1267"
"S08000016","Borders","2020-07-20","346"
"S08000017","Dumfries and Galloway","2020-07-20","300"
"S08000029","Fife","2020-07-20","936"
"S08000019","Forth Valley","2020-07-20","1092"
"S08000020","Grampian","2020-07-20","1440"
"S08000031","Greater Glasgow and Clyde","2020-07-20","4914"
"S08000022","Highland","2020-07-20","378"
"S08000032","Lanarkshire","2020-07-20","2748"
"S08000024","Lothian","2020-07-20","3180"
"S08000025","Orkney","2020-07-20","9"
"S08000026","Shetland","2020-07-20","54"
"S08000030","Tayside","2020-07-20","1781"
"S08000028","Western Isles","2020-07-20","7"
"S08000015","Ayrshire and Arran","2020-07-19","1266"
"S08000016","Borders","2020-07-19","346"
"S08000017","Dumfries and Galloway","2020-07-19","300"
"S08000029","Fife","2020-07-19","936"
"S08000019","Forth Valley","2020-07-19","1092"
"S08000020","Grampian","2020-07-19","1440"
"S08000031","Greater Glasgow and Clyde","2020-07-19","4912"
"S08000022","Highland","2020-07-19","378"
"S08000032","Lanarkshire","2020-07-19","2747"
"S08000024","Lothian","2020-07-19","3177"
"S08000025","Orkney","2020-07-19","9"
"S08000026","Shetland","2020-07-19","54"
"S08000030","Tayside","2020-07-19","1781"
"S08000028","Western Isles","2020-07-19","7"
"S08000015","Ayrshire and Arran","2020-07-18","1263"
"S08000016","Borders","2020-07-18","346"
"S08000017","Dumfries and Galloway","2020-07-18","300"
"S08000029","Fife","2020-07-18","937"
"S08000019","Forth Valley","2020-07-18","1092"
"S08000020","Grampian","2020-07-18","1435"
"S08000031","Greater Glasgow and Clyde","2020-07-18","4905"
"S08000022","Highland","2020-07-18","377"
"S08000032","Lanarkshire","2020-07-18","2744"
"S08000024","Lothian","2020-07-18","3174"
"S08000025","Orkney","2020-07-18","9"
"S08000026","Shetland","2020-07-18","54"
"S08000030","Tayside","2020-07-18","1779"
"S08000028","Western Isles","2020-07-18","7"
"S08000015","Ayrshire and Arran","2020-07-17","1262"
"S08000016","Borders","2020-07-17","345"
"S08000017","Dumfries and Galloway","2020-07-17","299"
"S08000029","Fife","2020-07-17","937"
"S08000019","Forth Valley","2020-07-17","1091"
"S08000020","Grampian","2020-07-17","1433"
"S08000031","Greater Glasgow and Clyde","2020-07-17","4897"
"S08000022","Highland","2020-07-17","377"
"S08000032","Lanarkshire","2020-07-17","2743"
"S08000024","Lothian","2020-07-17","3169"
"S08000025","Orkney","2020-07-17","9"
"S08000026","Shetland","2020-07-17","54"
"S08000030","Tayside","2020-07-17","1778"
"S08000028","Western Isles","2020-07-17","7"
"S08000015","Ayrshire and Arran","2020-07-16","1260"
"S08000016","Borders","2020-07-16","345"
"S08000017","Dumfries and Galloway","2020-07-16","299"
"S08000029","Fife","2020-07-16","933"
"S08000019","Forth Valley","2020-07-16","1088"
"S08000020","Grampian","2020-07-16","1432"
"S08000031","Greater Glasgow and Clyde","2020-07-16","4896"
"S08000022","Highland","2020-07-16","377"
"S08000032","Lanarkshire","2020-07-16","2742"
"S08000024","Lothian","2020-07-16","3167"
"S08000025","Orkney","2020-07-16","9"
"S08000026","Shetland","2020-07-16","54"
"S08000030","Tayside","2020-07-16","1775"
"S08000028","Western Isles","2020-07-16","7"
"S08000015","Ayrshire and Arran","2020-07-15","1260"
"S08000016","Borders","2020-07-15","345"
"S08000017","Dumfries and Galloway","2020-07-15","299"
"S08000029","Fife","2020-07-15","933"
"S08000019","Forth Valley","2020-07-15","1087"
"S08000020","Grampian","2020-07-15","1432"
"S08000031","Greater Glasgow and Clyde","2020-07-15","4890"
"S08000022","Highland","2020-07-15","377"
"S08000032","Lanarkshire","2020-07-15","2739"
"S08000024","Lothian","2020-07-15","3166"
"S08000025","Orkney","2020-07-15","9"
"S08000026","Shetland","2020-07-15","54"
"S08000030","Tayside","2020-07-15","1775"
"S08000028","Western Isles","2020-07-15","7"
"S08000015","Ayrshire and Arran","2020-07-14","1259"
"S08000016","Borders","2020-07-14","345"
"S08000017","Dumfries and Galloway","2020-07-14","299"
"S08000029","Fife","2020-07-14","933"
"S08000019","Forth Valley","2020-07-14","1087"
"S08000020","Grampian","2020-07-14","1432"
"S08000031","Greater Glasgow and Clyde","2020-07-14","4887"
"S08000022","Highland","2020-07-14","377"
"S08000032","Lanarkshire","2020-07-14","2738"
"S08000024","Lothian","2020-07-14","3166"
"S08000025","Orkney","2020-07-14","9"
"S08000026","Shetland","2020-07-14","54"
"S08000030","Tayside","2020-07-14","1775"
"S08000028","Western Isles","2020-07-14","7"
"S08000015","Ayrshire and Arran","2020-07-13","1258"
"S08000016","Borders","2020-07-13","345"
"S08000017","Dumfries and Galloway","2020-07-13","299"
"S08000029","Fife","2020-07-13","933"
"S08000019","Forth Valley","2020-07-13","1087"
"S08000020","Grampian","2020-07-13","1431"
"S08000031","Greater Glasgow and Clyde","2020-07-13","4887"
"S08000022","Highland","2020-07-13","377"
"S08000032","Lanarkshire","2020-07-13","2737"
"S08000024","Lothian","2020-07-13","3166"
"S08000025","Orkney","2020-07-13","9"
"S08000026","Shetland","2020-07-13","54"
"S08000030","Tayside","2020-07-13","1775"
"S08000028","Western Isles","2020-07-13","7"
"S08000015","Ayrshire and Arran","2020-07-12","1258"
"S08000016","Borders","2020-07-12","345"
"S08000017","Dumfries and Galloway","2020-07-12","299"
"S08000029","Fife","2020-07-12","933"
"S08000019","Forth Valley","2020-07-12","1086"
"S08000020","Grampian","2020-07-12","1430"
"S08000031","Greater Glasgow and Clyde","2020-07-12","4884"
"S08000022","Highland","2020-07-12","377"
"S08000032","Lanarkshire","2020-07-12","2736"
"S08000024","Lothian","2020-07-12","3166"
"S08000025","Orkney","2020-07-12","9"
"S08000026","Shetland","2020-07-12","54"
"S08000030","Tayside","2020-07-12","1775"
"S08000028","Western Isles","2020-07-12","7"
"S08000015","Ayrshire and Arran","2020-07-11","1258"
"S08000016","Borders","2020-07-11","345"
"S08000017","Dumfries and Galloway","2020-07-11","299"
"S08000029","Fife","2020-07-11","933"
"S08000019","Forth Valley","2020-07-11","1085"
"S08000020","Grampian","2020-07-11","1429"
"S08000031","Greater Glasgow and Clyde","2020-07-11","4872"
"S08000022","Highland","2020-07-11","377"
"S08000032","Lanarkshire","2020-07-11","2734"
"S08000024","Lothian","2020-07-11","3165"
"S08000025","Orkney","2020-07-11","9"
"S08000026","Shetland","2020-07-11","54"
"S08000030","Tayside","2020-07-11","1773"
"S08000028","Western Isles","2020-07-11","7"
"S08000015","Ayrshire and Arran","2020-07-10","1258"
"S08000016","Borders","2020-07-10","345"
"S08000017","Dumfries and Galloway","2020-07-10","298"
"S08000029","Fife","2020-07-10","933"
"S08000019","Forth Valley","2020-07-10","1085"
"S08000020","Grampian","2020-07-10","1429"
"S08000031","Greater Glasgow and Clyde","2020-07-10","4871"
"S08000022","Highland","2020-07-10","376"
"S08000032","Lanarkshire","2020-07-10","2733"
"S08000024","Lothian","2020-07-10","3163"
"S08000025","Orkney","2020-07-10","9"
"S08000026","Shetland","2020-07-10","54"
"S08000030","Tayside","2020-07-10","1772"
"S08000028","Western Isles","2020-07-10","7"
"S08000015","Ayrshire and Arran","2020-07-09","1257"
"S08000016","Borders","2020-07-09","345"
"S08000017","Dumfries and Galloway","2020-07-09","296"
"S08000029","Fife","2020-07-09","932"
"S08000019","Forth Valley","2020-07-09","1085"
"S08000020","Grampian","2020-07-09","1427"
"S08000031","Greater Glasgow and Clyde","2020-07-09","4865"
"S08000022","Highland","2020-07-09","376"
"S08000032","Lanarkshire","2020-07-09","2731"
"S08000024","Lothian","2020-07-09","3159"
"S08000025","Orkney","2020-07-09","9"
"S08000026","Shetland","2020-07-09","54"
"S08000030","Tayside","2020-07-09","1772"
"S08000028","Western Isles","2020-07-09","7"
"S08000015","Ayrshire and Arran","2020-07-08","1257"
"S08000016","Borders","2020-07-08","345"
"S08000017","Dumfries and Galloway","2020-07-08","295"
"S08000029","Fife","2020-07-08","932"
"S08000019","Forth Valley","2020-07-08","1083"
"S08000020","Grampian","2020-07-08","1427"
"S08000031","Greater Glasgow and Clyde","2020-07-08","4863"
"S08000022","Highland","2020-07-08","376"
"S08000032","Lanarkshire","2020-07-08","2731"
"S08000024","Lothian","2020-07-08","3158"
"S08000025","Orkney","2020-07-08","9"
"S08000026","Shetland","2020-07-08","54"
"S08000030","Tayside","2020-07-08","1772"
"S08000028","Western Isles","2020-07-08","7"
"S08000015","Ayrshire and Arran","2020-07-07","1257"
"S08000016","Borders","2020-07-07","345"
"S08000017","Dumfries and Galloway","2020-07-07","295"
"S08000029","Fife","2020-07-07","932"
"S08000019","Forth Valley","2020-07-07","1078"
"S08000020","Grampian","2020-07-07","1426"
"S08000031","Greater Glasgow and Clyde","2020-07-07","4862"
"S08000022","Highland","2020-07-07","376"
"S08000032","Lanarkshire","2020-07-07","2731"
"S08000024","Lothian","2020-07-07","3158"
"S08000025","Orkney","2020-07-07","9"
"S08000026","Shetland","2020-07-07","54"
"S08000030","Tayside","2020-07-07","1772"
"S08000028","Western Isles","2020-07-07","7"
"S08000015","Ayrshire and Arran","2020-07-06","1257"
"S08000016","Borders","2020-07-06","345"
"S08000017","Dumfries and Galloway","2020-07-06","295"
"S08000029","Fife","2020-07-06","932"
"S08000019","Forth Valley","2020-07-06","1077"
"S08000020","Grampian","2020-07-06","1426"
"S08000031","Greater Glasgow and Clyde","2020-07-06","4861"
"S08000022","Highland","2020-07-06","376"
"S08000032","Lanarkshire","2020-07-06","2731"
"S08000024","Lothian","2020-07-06","3158"
"S08000025","Orkney","2020-07-06","9"
"S08000026","Shetland","2020-07-06","54"
"S08000030","Tayside","2020-07-06","1772"
"S08000028","Western Isles","2020-07-06","7"
"S08000015","Ayrshire and Arran","2020-07-05","1257"
"S08000016","Borders","2020-07-05","345"
"S08000017","Dumfries and Galloway","2020-07-05","294"
"S08000029","Fife","2020-07-05","932"
"S08000019","Forth Valley","2020-07-05","1076"
"S08000020","Grampian","2020-07-05","1426"
"S08000031","Greater Glasgow and Clyde","2020-07-05","4861"
"S08000022","Highland","2020-07-05","376"
"S08000032","Lanarkshire","2020-07-05","2730"
"S08000024","Lothian","2020-07-05","3157"
"S08000025","Orkney","2020-07-05","9"
"S08000026","Shetland","2020-07-05","54"
"S08000030","Tayside","2020-07-05","1772"
"S08000028","Western Isles","2020-07-05","7"
"S08000015","Ayrshire and Arran","2020-07-04","1256"
"S08000016","Borders","2020-07-04","345"
"S08000017","Dumfries and Galloway","2020-07-04","293"
"S08000029","Fife","2020-07-04","932"
"S08000019","Forth Valley","2020-07-04","1076"
"S08000020","Grampian","2020-07-04","1425"
"S08000031","Greater Glasgow and Clyde","2020-07-04","4860"
"S08000022","Highland","2020-07-04","375"
"S08000032","Lanarkshire","2020-07-04","2728"
"S08000024","Lothian","2020-07-04","3156"
"S08000025","Orkney","2020-07-04","9"
"S08000026","Shetland","2020-07-04","54"
"S08000030","Tayside","2020-07-04","1771"
"S08000028","Western Isles","2020-07-04","7"
"S08000015","Ayrshire and Arran","2020-07-03","1256"
"S08000016","Borders","2020-07-03","345"
"S08000017","Dumfries and Galloway","2020-07-03","292"
"S08000029","Fife","2020-07-03","932"
"S08000019","Forth Valley","2020-07-03","1076"
"S08000020","Grampian","2020-07-03","1423"
"S08000031","Greater Glasgow and Clyde","2020-07-03","4858"
"S08000022","Highland","2020-07-03","375"
"S08000032","Lanarkshire","2020-07-03","2727"
"S08000024","Lothian","2020-07-03","3153"
"S08000025","Orkney","2020-07-03","9"
"S08000026","Shetland","2020-07-03","54"
"S08000030","Tayside","2020-07-03","1769"
"S08000028","Western Isles","2020-07-03","7"
"S08000015","Ayrshire and Arran","2020-07-02","1255"
"S08000016","Borders","2020-07-02","345"
"S08000017","Dumfries and Galloway","2020-07-02","292"
"S08000029","Fife","2020-07-02","930"
"S08000019","Forth Valley","2020-07-02","1070"
"S08000020","Grampian","2020-07-02","1423"
"S08000031","Greater Glasgow and Clyde","2020-07-02","4858"
"S08000022","Highland","2020-07-02","375"
"S08000032","Lanarkshire","2020-07-02","2726"
"S08000024","Lothian","2020-07-02","3151"
"S08000025","Orkney","2020-07-02","9"
"S08000026","Shetland","2020-07-02","54"
"S08000030","Tayside","2020-07-02","1769"
"S08000028","Western Isles","2020-07-02","7"
"S08000015","Ayrshire and Arran","2020-07-01","1255"
"S08000016","Borders","2020-07-01","345"
"S08000017","Dumfries and Galloway","2020-07-01","291"
"S08000029","Fife","2020-07-01","930"
"S08000019","Forth Valley","2020-07-01","1070"
"S08000020","Grampian","2020-07-01","1421"
"S08000031","Greater Glasgow and Clyde","2020-07-01","4858"
"S08000022","Highland","2020-07-01","375"
"S08000032","Lanarkshire","2020-07-01","2724"
"S08000024","Lothian","2020-07-01","3151"
"S08000025","Orkney","2020-07-01","9"
"S08000026","Shetland","2020-07-01","54"
"S08000030","Tayside","2020-07-01","1769"
"S08000028","Western Isles","2020-07-01","7"
"S08000015","Ayrshire and Arran","2020-06-30","1255"
"S08000016","Borders","2020-06-30","345"
"S08000017","Dumfries and Galloway","2020-06-30","290"
"S08000029","Fife","2020-06-30","930"
"S08000019","Forth Valley","2020-06-30","1070"
"S08000020","Grampian","2020-06-30","1419"
"S08000031","Greater Glasgow and Clyde","2020-06-30","4853"
"S08000022","Highland","2020-06-30","375"
"S08000032","Lanarkshire","2020-06-30","2724"
"S08000024","Lothian","2020-06-30","3151"
"S08000025","Orkney","2020-06-30","9"
"S08000026","Shetland","2020-06-30","54"
"S08000030","Tayside","2020-06-30","1769"
"S08000028","Western Isles","2020-06-30","7"
"S08000015","Ayrshire and Arran","2020-06-29","1255"
"S08000016","Borders","2020-06-29","345"
"S08000017","Dumfries and Galloway","2020-06-29","285"
"S08000029","Fife","2020-06-29","930"
"S08000019","Forth Valley","2020-06-29","1069"
"S08000020","Grampian","2020-06-29","1419"
"S08000031","Greater Glasgow and Clyde","2020-06-29","4851"
"S08000022","Highland","2020-06-29","375"
"S08000032","Lanarkshire","2020-06-29","2723"
"S08000024","Lothian","2020-06-29","3151"
"S08000025","Orkney","2020-06-29","9"
"S08000026","Shetland","2020-06-29","54"
"S08000030","Tayside","2020-06-29","1768"
"S08000028","Western Isles","2020-06-29","7"
"S08000015","Ayrshire and Arran","2020-06-28","1253"
"S08000016","Borders","2020-06-28","345"
"S08000017","Dumfries and Galloway","2020-06-28","285"
"S08000029","Fife","2020-06-28","930"
"S08000019","Forth Valley","2020-06-28","1068"
"S08000020","Grampian","2020-06-28","1419"
"S08000031","Greater Glasgow and Clyde","2020-06-28","4850"
"S08000022","Highland","2020-06-28","375"
"S08000032","Lanarkshire","2020-06-28","2722"
"S08000024","Lothian","2020-06-28","3151"
"S08000025","Orkney","2020-06-28","9"
"S08000026","Shetland","2020-06-28","54"
"S08000030","Tayside","2020-06-28","1768"
"S08000028","Western Isles","2020-06-28","7"
"S08000015","Ayrshire and Arran","2020-06-27","1253"
"S08000016","Borders","2020-06-27","345"
"S08000017","Dumfries and Galloway","2020-06-27","285"
"S08000029","Fife","2020-06-27","930"
"S08000019","Forth Valley","2020-06-27","1066"
"S08000020","Grampian","2020-06-27","1418"
"S08000031","Greater Glasgow and Clyde","2020-06-27","4848"
"S08000022","Highland","2020-06-27","374"
"S08000032","Lanarkshire","2020-06-27","2720"
"S08000024","Lothian","2020-06-27","3151"
"S08000025","Orkney","2020-06-27","9"
"S08000026","Shetland","2020-06-27","54"
"S08000030","Tayside","2020-06-27","1768"
"S08000028","Western Isles","2020-06-27","7"
"S08000015","Ayrshire and Arran","2020-06-26","1253"
"S08000016","Borders","2020-06-26","345"
"S08000017","Dumfries and Galloway","2020-06-26","285"
"S08000029","Fife","2020-06-26","929"
"S08000019","Forth Valley","2020-06-26","1064"
"S08000020","Grampian","2020-06-26","1417"
"S08000031","Greater Glasgow and Clyde","2020-06-26","4844"
"S08000022","Highland","2020-06-26","374"
"S08000032","Lanarkshire","2020-06-26","2717"
"S08000024","Lothian","2020-06-26","3148"
"S08000025","Orkney","2020-06-26","9"
"S08000026","Shetland","2020-06-26","54"
"S08000030","Tayside","2020-06-26","1767"
"S08000028","Western Isles","2020-06-26","7"
"S08000015","Ayrshire and Arran","2020-06-25","1252"
"S08000016","Borders","2020-06-25","345"
"S08000017","Dumfries and Galloway","2020-06-25","285"
"S08000029","Fife","2020-06-25","930"
"S08000019","Forth Valley","2020-06-25","1061"
"S08000020","Grampian","2020-06-25","1414"
"S08000031","Greater Glasgow and Clyde","2020-06-25","4838"
"S08000022","Highland","2020-06-25","374"
"S08000032","Lanarkshire","2020-06-25","2716"
"S08000024","Lothian","2020-06-25","3146"
"S08000025","Orkney","2020-06-25","9"
"S08000026","Shetland","2020-06-25","54"
"S08000030","Tayside","2020-06-25","1765"
"S08000028","Western Isles","2020-06-25","7"
"S08000015","Ayrshire and Arran","2020-06-24","1251"
"S08000016","Borders","2020-06-24","346"
"S08000017","Dumfries and Galloway","2020-06-24","285"
"S08000029","Fife","2020-06-24","928"
"S08000019","Forth Valley","2020-06-24","1061"
"S08000020","Grampian","2020-06-24","1413"
"S08000031","Greater Glasgow and Clyde","2020-06-24","4834"
"S08000022","Highland","2020-06-24","374"
"S08000032","Lanarkshire","2020-06-24","2715"
"S08000024","Lothian","2020-06-24","3150"
"S08000025","Orkney","2020-06-24","9"
"S08000026","Shetland","2020-06-24","54"
"S08000030","Tayside","2020-06-24","1764"
"S08000028","Western Isles","2020-06-24","7"
"S08000015","Ayrshire and Arran","2020-06-23","1251"
"S08000016","Borders","2020-06-23","346"
"S08000017","Dumfries and Galloway","2020-06-23","285"
"S08000029","Fife","2020-06-23","928"
"S08000019","Forth Valley","2020-06-23","1058"
"S08000020","Grampian","2020-06-23","1413"
"S08000031","Greater Glasgow and Clyde","2020-06-23","4832"
"S08000022","Highland","2020-06-23","374"
"S08000032","Lanarkshire","2020-06-23","2715"
"S08000024","Lothian","2020-06-23","3147"
"S08000025","Orkney","2020-06-23","9"
"S08000026","Shetland","2020-06-23","54"
"S08000030","Tayside","2020-06-23","1763"
"S08000028","Western Isles","2020-06-23","7"
"S08000015","Ayrshire and Arran","2020-06-22","1250"
"S08000016","Borders","2020-06-22","346"
"S08000017","Dumfries and Galloway","2020-06-22","285"
"S08000029","Fife","2020-06-22","928"
"S08000019","Forth Valley","2020-06-22","1057"
"S08000020","Grampian","2020-06-22","1412"
"S08000031","Greater Glasgow and Clyde","2020-06-22","4830"
"S08000022","Highland","2020-06-22","373"
"S08000032","Lanarkshire","2020-06-22","2712"
"S08000024","Lothian","2020-06-22","3146"
"S08000025","Orkney","2020-06-22","9"
"S08000026","Shetland","2020-06-22","54"
"S08000030","Tayside","2020-06-22","1761"
"S08000028","Western Isles","2020-06-22","7"
"S08000015","Ayrshire and Arran","2020-06-21","1250"
"S08000016","Borders","2020-06-21","346"
"S08000017","Dumfries and Galloway","2020-06-21","284"
"S08000029","Fife","2020-06-21","928"
"S08000019","Forth Valley","2020-06-21","1056"
"S08000020","Grampian","2020-06-21","1412"
"S08000031","Greater Glasgow and Clyde","2020-06-21","4827"
"S08000022","Highland","2020-06-21","373"
"S08000032","Lanarkshire","2020-06-21","2704"
"S08000024","Lothian","2020-06-21","3145"
"S08000025","Orkney","2020-06-21","9"
"S08000026","Shetland","2020-06-21","54"
"S08000030","Tayside","2020-06-21","1761"
"S08000028","Western Isles","2020-06-21","7"
"S08000015","Ayrshire and Arran","2020-06-20","1249"
"S08000016","Borders","2020-06-20","345"
"S08000017","Dumfries and Galloway","2020-06-20","284"
"S08000029","Fife","2020-06-20","928"
"S08000019","Forth Valley","2020-06-20","1055"
"S08000020","Grampian","2020-06-20","1410"
"S08000031","Greater Glasgow and Clyde","2020-06-20","4819"
"S08000022","Highland","2020-06-20","373"
"S08000032","Lanarkshire","2020-06-20","2698"
"S08000024","Lothian","2020-06-20","3139"
"S08000025","Orkney","2020-06-20","9"
"S08000026","Shetland","2020-06-20","54"
"S08000030","Tayside","2020-06-20","1760"
"S08000028","Western Isles","2020-06-20","7"
"S08000015","Ayrshire and Arran","2020-06-19","1248"
"S08000016","Borders","2020-06-19","345"
"S08000017","Dumfries and Galloway","2020-06-19","284"
"S08000029","Fife","2020-06-19","928"
"S08000019","Forth Valley","2020-06-19","1053"
"S08000020","Grampian","2020-06-19","1410"
"S08000031","Greater Glasgow and Clyde","2020-06-19","4814"
"S08000022","Highland","2020-06-19","373"
"S08000032","Lanarkshire","2020-06-19","2685"
"S08000024","Lothian","2020-06-19","3134"
"S08000025","Orkney","2020-06-19","9"
"S08000026","Shetland","2020-06-19","54"
"S08000030","Tayside","2020-06-19","1760"
"S08000028","Western Isles","2020-06-19","7"
"S08000015","Ayrshire and Arran","2020-06-18","1245"
"S08000016","Borders","2020-06-18","345"
"S08000017","Dumfries and Galloway","2020-06-18","274"
"S08000029","Fife","2020-06-18","928"
"S08000019","Forth Valley","2020-06-18","1053"
"S08000020","Grampian","2020-06-18","1410"
"S08000031","Greater Glasgow and Clyde","2020-06-18","4813"
"S08000022","Highland","2020-06-18","373"
"S08000032","Lanarkshire","2020-06-18","2681"
"S08000024","Lothian","2020-06-18","3125"
"S08000025","Orkney","2020-06-18","9"
"S08000026","Shetland","2020-06-18","54"
"S08000030","Tayside","2020-06-18","1760"
"S08000028","Western Isles","2020-06-18","7"
"S08000015","Ayrshire and Arran","2020-06-17","1245"
"S08000016","Borders","2020-06-17","345"
"S08000017","Dumfries and Galloway","2020-06-17","274"
"S08000029","Fife","2020-06-17","928"
"S08000019","Forth Valley","2020-06-17","1051"
"S08000020","Grampian","2020-06-17","1409"
"S08000031","Greater Glasgow and Clyde","2020-06-17","4810"
"S08000022","Highland","2020-06-17","373"
"S08000032","Lanarkshire","2020-06-17","2678"
"S08000024","Lothian","2020-06-17","3123"
"S08000025","Orkney","2020-06-17","9"
"S08000026","Shetland","2020-06-17","54"
"S08000030","Tayside","2020-06-17","1760"
"S08000028","Western Isles","2020-06-17","7"
"S08000015","Ayrshire and Arran","2020-06-16","1243"
"S08000016","Borders","2020-06-16","345"
"S08000017","Dumfries and Galloway","2020-06-16","274"
"S08000029","Fife","2020-06-16","926"
"S08000019","Forth Valley","2020-06-16","1051"
"S08000020","Grampian","2020-06-16","1405"
"S08000031","Greater Glasgow and Clyde","2020-06-16","4808"
"S08000022","Highland","2020-06-16","373"
"S08000032","Lanarkshire","2020-06-16","2674"
"S08000024","Lothian","2020-06-16","3116"
"S08000025","Orkney","2020-06-16","9"
"S08000026","Shetland","2020-06-16","54"
"S08000030","Tayside","2020-06-16","1760"
"S08000028","Western Isles","2020-06-16","7"
"S08000015","Ayrshire and Arran","2020-06-15","1243"
"S08000016","Borders","2020-06-15","345"
"S08000017","Dumfries and Galloway","2020-06-15","274"
"S08000029","Fife","2020-06-15","926"
"S08000019","Forth Valley","2020-06-15","1048"
"S08000020","Grampian","2020-06-15","1405"
"S08000031","Greater Glasgow and Clyde","2020-06-15","4805"
"S08000022","Highland","2020-06-15","373"
"S08000032","Lanarkshire","2020-06-15","2671"
"S08000024","Lothian","2020-06-15","3110"
"S08000025","Orkney","2020-06-15","9"
"S08000026","Shetland","2020-06-15","54"
"S08000030","Tayside","2020-06-15","1760"
"S08000028","Western Isles","2020-06-15","7"
"S08000015","Ayrshire and Arran","2020-06-14","1088"
"S08000016","Borders","2020-06-14","327"
"S08000017","Dumfries and Galloway","2020-06-14","261"
"S08000029","Fife","2020-06-14","885"
"S08000019","Forth Valley","2020-06-14","952"
"S08000020","Grampian","2020-06-14","1294"
"S08000031","Greater Glasgow and Clyde","2020-06-14","4010"
"S08000022","Highland","2020-06-14","341"
"S08000032","Lanarkshire","2020-06-14","2035"
"S08000024","Lothian","2020-06-14","2807"
"S08000025","Orkney","2020-06-14","8"
"S08000026","Shetland","2020-06-14","54"
"S08000030","Tayside","2020-06-14","1687"
"S08000028","Western Isles","2020-06-14","6"
"S08000015","Ayrshire and Arran","2020-06-13","1087"
"S08000016","Borders","2020-06-13","327"
"S08000017","Dumfries and Galloway","2020-06-13","261"
"S08000029","Fife","2020-06-13","884"
"S08000019","Forth Valley","2020-06-13","950"
"S08000020","Grampian","2020-06-13","1288"
"S08000031","Greater Glasgow and Clyde","2020-06-13","4004"
"S08000022","Highland","2020-06-13","341"
"S08000032","Lanarkshire","2020-06-13","2031"
"S08000024","Lothian","2020-06-13","2803"
"S08000025","Orkney","2020-06-13","8"
"S08000026","Shetland","2020-06-13","54"
"S08000030","Tayside","2020-06-13","1686"
"S08000028","Western Isles","2020-06-13","6"
"S08000015","Ayrshire and Arran","2020-06-12","1086"
"S08000016","Borders","2020-06-12","327"
"S08000017","Dumfries and Galloway","2020-06-12","261"
"S08000029","Fife","2020-06-12","883"
"S08000019","Forth Valley","2020-06-12","948"
"S08000020","Grampian","2020-06-12","1288"
"S08000031","Greater Glasgow and Clyde","2020-06-12","4000"
"S08000022","Highland","2020-06-12","341"
"S08000032","Lanarkshire","2020-06-12","2028"
"S08000024","Lothian","2020-06-12","2794"
"S08000025","Orkney","2020-06-12","8"
"S08000026","Shetland","2020-06-12","54"
"S08000030","Tayside","2020-06-12","1685"
"S08000028","Western Isles","2020-06-12","6"
"S08000015","Ayrshire and Arran","2020-06-11","1082"
"S08000016","Borders","2020-06-11","327"
"S08000017","Dumfries and Galloway","2020-06-11","261"
"S08000029","Fife","2020-06-11","882"
"S08000019","Forth Valley","2020-06-11","948"
"S08000020","Grampian","2020-06-11","1288"
"S08000031","Greater Glasgow and Clyde","2020-06-11","3995"
"S08000022","Highland","2020-06-11","341"
"S08000032","Lanarkshire","2020-06-11","2022"
"S08000024","Lothian","2020-06-11","2783"
"S08000025","Orkney","2020-06-11","8"
"S08000026","Shetland","2020-06-11","54"
"S08000030","Tayside","2020-06-11","1685"
"S08000028","Western Isles","2020-06-11","6"
"S08000015","Ayrshire and Arran","2020-06-10","1081"
"S08000016","Borders","2020-06-10","327"
"S08000017","Dumfries and Galloway","2020-06-10","261"
"S08000029","Fife","2020-06-10","880"
"S08000019","Forth Valley","2020-06-10","948"
"S08000020","Grampian","2020-06-10","1287"
"S08000031","Greater Glasgow and Clyde","2020-06-10","3990"
"S08000022","Highland","2020-06-10","340"
"S08000032","Lanarkshire","2020-06-10","2021"
"S08000024","Lothian","2020-06-10","2778"
"S08000025","Orkney","2020-06-10","8"
"S08000026","Shetland","2020-06-10","54"
"S08000030","Tayside","2020-06-10","1684"
"S08000028","Western Isles","2020-06-10","6"
"S08000015","Ayrshire and Arran","2020-06-09","1081"
"S08000016","Borders","2020-06-09","326"
"S08000017","Dumfries and Galloway","2020-06-09","261"
"S08000029","Fife","2020-06-09","879"
"S08000019","Forth Valley","2020-06-09","948"
"S08000020","Grampian","2020-06-09","1287"
"S08000031","Greater Glasgow and Clyde","2020-06-09","3990"
"S08000022","Highland","2020-06-09","340"
"S08000032","Lanarkshire","2020-06-09","2018"
"S08000024","Lothian","2020-06-09","2777"
"S08000025","Orkney","2020-06-09","8"
"S08000026","Shetland","2020-06-09","54"
"S08000030","Tayside","2020-06-09","1678"
"S08000028","Western Isles","2020-06-09","6"
"S08000015","Ayrshire and Arran","2020-06-08","1080"
"S08000016","Borders","2020-06-08","326"
"S08000017","Dumfries and Galloway","2020-06-08","261"
"S08000029","Fife","2020-06-08","879"
"S08000019","Forth Valley","2020-06-08","947"
"S08000020","Grampian","2020-06-08","1286"
"S08000031","Greater Glasgow and Clyde","2020-06-08","3988"
"S08000022","Highland","2020-06-08","340"
"S08000032","Lanarkshire","2020-06-08","2013"
"S08000024","Lothian","2020-06-08","2774"
"S08000025","Orkney","2020-06-08","8"
"S08000026","Shetland","2020-06-08","54"
"S08000030","Tayside","2020-06-08","1677"
"S08000028","Western Isles","2020-06-08","6"
"S08000015","Ayrshire and Arran","2020-06-07","1079"
"S08000016","Borders","2020-06-07","326"
"S08000017","Dumfries and Galloway","2020-06-07","261"
"S08000029","Fife","2020-06-07","879"
"S08000019","Forth Valley","2020-06-07","946"
"S08000020","Grampian","2020-06-07","1286"
"S08000031","Greater Glasgow and Clyde","2020-06-07","3981"
"S08000022","Highland","2020-06-07","339"
"S08000032","Lanarkshire","2020-06-07","2008"
"S08000024","Lothian","2020-06-07","2772"
"S08000025","Orkney","2020-06-07","8"
"S08000026","Shetland","2020-06-07","54"
"S08000030","Tayside","2020-06-07","1676"
"S08000028","Western Isles","2020-06-07","6"
"S08000015","Ayrshire and Arran","2020-06-06","1077"
"S08000016","Borders","2020-06-06","326"
"S08000017","Dumfries and Galloway","2020-06-06","261"
"S08000029","Fife","2020-06-06","879"
"S08000019","Forth Valley","2020-06-06","946"
"S08000020","Grampian","2020-06-06","1284"
"S08000031","Greater Glasgow and Clyde","2020-06-06","3971"
"S08000022","Highland","2020-06-06","339"
"S08000032","Lanarkshire","2020-06-06","2007"
"S08000024","Lothian","2020-06-06","2769"
"S08000025","Orkney","2020-06-06","8"
"S08000026","Shetland","2020-06-06","54"
"S08000030","Tayside","2020-06-06","1676"
"S08000028","Western Isles","2020-06-06","6"
"S08000015","Ayrshire and Arran","2020-06-05","1076"
"S08000016","Borders","2020-06-05","326"
"S08000017","Dumfries and Galloway","2020-06-05","261"
"S08000029","Fife","2020-06-05","877"
"S08000019","Forth Valley","2020-06-05","946"
"S08000020","Grampian","2020-06-05","1284"
"S08000031","Greater Glasgow and Clyde","2020-06-05","3968"
"S08000022","Highland","2020-06-05","338"
"S08000032","Lanarkshire","2020-06-05","2005"
"S08000024","Lothian","2020-06-05","2760"
"S08000025","Orkney","2020-06-05","8"
"S08000026","Shetland","2020-06-05","54"
"S08000030","Tayside","2020-06-05","1673"
"S08000028","Western Isles","2020-06-05","6"
"S08000015","Ayrshire and Arran","2020-06-04","1071"
"S08000016","Borders","2020-06-04","325"
"S08000017","Dumfries and Galloway","2020-06-04","261"
"S08000029","Fife","2020-06-04","877"
"S08000019","Forth Valley","2020-06-04","944"
"S08000020","Grampian","2020-06-04","1283"
"S08000031","Greater Glasgow and Clyde","2020-06-04","3961"
"S08000022","Highland","2020-06-04","338"
"S08000032","Lanarkshire","2020-06-04","2002"
"S08000024","Lothian","2020-06-04","2752"
"S08000025","Orkney","2020-06-04","8"
"S08000026","Shetland","2020-06-04","54"
"S08000030","Tayside","2020-06-04","1671"
"S08000028","Western Isles","2020-06-04","6"
"S08000015","Ayrshire and Arran","2020-06-03","1066"
"S08000016","Borders","2020-06-03","325"
"S08000017","Dumfries and Galloway","2020-06-03","260"
"S08000029","Fife","2020-06-03","876"
"S08000019","Forth Valley","2020-06-03","942"
"S08000020","Grampian","2020-06-03","1282"
"S08000031","Greater Glasgow and Clyde","2020-06-03","3954"
"S08000022","Highland","2020-06-03","339"
"S08000032","Lanarkshire","2020-06-03","1998"
"S08000024","Lothian","2020-06-03","2723"
"S08000025","Orkney","2020-06-03","8"
"S08000026","Shetland","2020-06-03","54"
"S08000030","Tayside","2020-06-03","1671"
"S08000028","Western Isles","2020-06-03","6"
"S08000015","Ayrshire and Arran","2020-06-02","1061"
"S08000016","Borders","2020-06-02","325"
"S08000017","Dumfries and Galloway","2020-06-02","260"
"S08000029","Fife","2020-06-02","871"
"S08000019","Forth Valley","2020-06-02","935"
"S08000020","Grampian","2020-06-02","1281"
"S08000031","Greater Glasgow and Clyde","2020-06-02","3950"
"S08000022","Highland","2020-06-02","338"
"S08000032","Lanarkshire","2020-06-02","1995"
"S08000024","Lothian","2020-06-02","2716"
"S08000025","Orkney","2020-06-02","8"
"S08000026","Shetland","2020-06-02","54"
"S08000030","Tayside","2020-06-02","1671"
"S08000028","Western Isles","2020-06-02","6"
"S08000015","Ayrshire and Arran","2020-06-01","1061"
"S08000016","Borders","2020-06-01","325"
"S08000017","Dumfries and Galloway","2020-06-01","260"
"S08000029","Fife","2020-06-01","836"
"S08000019","Forth Valley","2020-06-01","931"
"S08000020","Grampian","2020-06-01","1278"
"S08000031","Greater Glasgow and Clyde","2020-06-01","3949"
"S08000022","Highland","2020-06-01","338"
"S08000032","Lanarkshire","2020-06-01","1987"
"S08000024","Lothian","2020-06-01","2714"
"S08000025","Orkney","2020-06-01","8"
"S08000026","Shetland","2020-06-01","54"
"S08000030","Tayside","2020-06-01","1671"
"S08000028","Western Isles","2020-06-01","6"
"S08000015","Ayrshire and Arran","2020-05-31","1060"
"S08000016","Borders","2020-05-31","325"
"S08000017","Dumfries and Galloway","2020-05-31","260"
"S08000029","Fife","2020-05-31","835"
"S08000019","Forth Valley","2020-05-31","928"
"S08000020","Grampian","2020-05-31","1274"
"S08000031","Greater Glasgow and Clyde","2020-05-31","3946"
"S08000022","Highland","2020-05-31","337"
"S08000032","Lanarkshire","2020-05-31","1987"
"S08000024","Lothian","2020-05-31","2709"
"S08000025","Orkney","2020-05-31","8"
"S08000026","Shetland","2020-05-31","54"
"S08000030","Tayside","2020-05-31","1671"
"S08000028","Western Isles","2020-05-31","6"
"S08000015","Ayrshire and Arran","2020-05-30","1058"
"S08000016","Borders","2020-05-30","325"
"S08000017","Dumfries and Galloway","2020-05-30","260"
"S08000029","Fife","2020-05-30","834"
"S08000019","Forth Valley","2020-05-30","924"
"S08000020","Grampian","2020-05-30","1273"
"S08000031","Greater Glasgow and Clyde","2020-05-30","3943"
"S08000022","Highland","2020-05-30","337"
"S08000032","Lanarkshire","2020-05-30","1984"
"S08000024","Lothian","2020-05-30","2706"
"S08000025","Orkney","2020-05-30","8"
"S08000026","Shetland","2020-05-30","54"
"S08000030","Tayside","2020-05-30","1670"
"S08000028","Western Isles","2020-05-30","6"
"S08000015","Ayrshire and Arran","2020-05-29","1039"
"S08000016","Borders","2020-05-29","325"
"S08000017","Dumfries and Galloway","2020-05-29","260"
"S08000029","Fife","2020-05-29","831"
"S08000019","Forth Valley","2020-05-29","919"
"S08000020","Grampian","2020-05-29","1269"
"S08000031","Greater Glasgow and Clyde","2020-05-29","3939"
"S08000022","Highland","2020-05-29","337"
"S08000032","Lanarkshire","2020-05-29","1974"
"S08000024","Lothian","2020-05-29","2698"
"S08000025","Orkney","2020-05-29","8"
"S08000026","Shetland","2020-05-29","54"
"S08000030","Tayside","2020-05-29","1668"
"S08000028","Western Isles","2020-05-29","6"
"S08000015","Ayrshire and Arran","2020-05-28","1035"
"S08000016","Borders","2020-05-28","323"
"S08000017","Dumfries and Galloway","2020-05-28","260"
"S08000029","Fife","2020-05-28","830"
"S08000019","Forth Valley","2020-05-28","919"
"S08000020","Grampian","2020-05-28","1259"
"S08000031","Greater Glasgow and Clyde","2020-05-28","3934"
"S08000022","Highland","2020-05-28","337"
"S08000032","Lanarkshire","2020-05-28","1968"
"S08000024","Lothian","2020-05-28","2691"
"S08000025","Orkney","2020-05-28","7"
"S08000026","Shetland","2020-05-28","54"
"S08000030","Tayside","2020-05-28","1665"
"S08000028","Western Isles","2020-05-28","6"
"S08000015","Ayrshire and Arran","2020-05-27","1029"
"S08000016","Borders","2020-05-27","323"
"S08000017","Dumfries and Galloway","2020-05-27","260"
"S08000029","Fife","2020-05-27","830"
"S08000019","Forth Valley","2020-05-27","919"
"S08000020","Grampian","2020-05-27","1256"
"S08000031","Greater Glasgow and Clyde","2020-05-27","3916"
"S08000022","Highland","2020-05-27","337"
"S08000032","Lanarkshire","2020-05-27","1957"
"S08000024","Lothian","2020-05-27","2685"
"S08000025","Orkney","2020-05-27","7"
"S08000026","Shetland","2020-05-27","54"
"S08000030","Tayside","2020-05-27","1661"
"S08000028","Western Isles","2020-05-27","6"
"S08000015","Ayrshire and Arran","2020-05-26","1023"
"S08000016","Borders","2020-05-26","323"
"S08000017","Dumfries and Galloway","2020-05-26","260"
"S08000029","Fife","2020-05-26","828"
"S08000019","Forth Valley","2020-05-26","918"
"S08000020","Grampian","2020-05-26","1250"
"S08000031","Greater Glasgow and Clyde","2020-05-26","3898"
"S08000022","Highland","2020-05-26","336"
"S08000032","Lanarkshire","2020-05-26","1948"
"S08000024","Lothian","2020-05-26","2675"
"S08000025","Orkney","2020-05-26","7"
"S08000026","Shetland","2020-05-26","54"
"S08000030","Tayside","2020-05-26","1659"
"S08000028","Western Isles","2020-05-26","6"
"S08000015","Ayrshire and Arran","2020-05-25","1019"
"S08000016","Borders","2020-05-25","322"
"S08000017","Dumfries and Galloway","2020-05-25","260"
"S08000029","Fife","2020-05-25","827"
"S08000019","Forth Valley","2020-05-25","917"
"S08000020","Grampian","2020-05-25","1245"
"S08000031","Greater Glasgow and Clyde","2020-05-25","3892"
"S08000022","Highland","2020-05-25","335"
"S08000032","Lanarkshire","2020-05-25","1944"
"S08000024","Lothian","2020-05-25","2669"
"S08000025","Orkney","2020-05-25","7"
"S08000026","Shetland","2020-05-25","54"
"S08000030","Tayside","2020-05-25","1659"
"S08000028","Western Isles","2020-05-25","6"
"S08000015","Ayrshire and Arran","2020-05-24","1019"
"S08000016","Borders","2020-05-24","322"
"S08000017","Dumfries and Galloway","2020-05-24","258"
"S08000029","Fife","2020-05-24","826"
"S08000019","Forth Valley","2020-05-24","917"
"S08000020","Grampian","2020-05-24","1224"
"S08000031","Greater Glasgow and Clyde","2020-05-24","3876"
"S08000022","Highland","2020-05-24","335"
"S08000032","Lanarkshire","2020-05-24","1934"
"S08000024","Lothian","2020-05-24","2665"
"S08000025","Orkney","2020-05-24","7"
"S08000026","Shetland","2020-05-24","54"
"S08000030","Tayside","2020-05-24","1658"
"S08000028","Western Isles","2020-05-24","6"
"S08000015","Ayrshire and Arran","2020-05-23","1015"
"S08000016","Borders","2020-05-23","322"
"S08000017","Dumfries and Galloway","2020-05-23","257"
"S08000029","Fife","2020-05-23","826"
"S08000019","Forth Valley","2020-05-23","915"
"S08000020","Grampian","2020-05-23","1223"
"S08000031","Greater Glasgow and Clyde","2020-05-23","3865"
"S08000022","Highland","2020-05-23","335"
"S08000032","Lanarkshire","2020-05-23","1922"
"S08000024","Lothian","2020-05-23","2649"
"S08000025","Orkney","2020-05-23","7"
"S08000026","Shetland","2020-05-23","54"
"S08000030","Tayside","2020-05-23","1645"
"S08000028","Western Isles","2020-05-23","6"
"S08000015","Ayrshire and Arran","2020-05-22","1001"
"S08000016","Borders","2020-05-22","322"
"S08000017","Dumfries and Galloway","2020-05-22","257"
"S08000029","Fife","2020-05-22","826"
"S08000019","Forth Valley","2020-05-22","909"
"S08000020","Grampian","2020-05-22","1223"
"S08000031","Greater Glasgow and Clyde","2020-05-22","3841"
"S08000022","Highland","2020-05-22","335"
"S08000032","Lanarkshire","2020-05-22","1913"
"S08000024","Lothian","2020-05-22","2634"
"S08000025","Orkney","2020-05-22","7"
"S08000026","Shetland","2020-05-22","54"
"S08000030","Tayside","2020-05-22","1641"
"S08000028","Western Isles","2020-05-22","6"
"S08000015","Ayrshire and Arran","2020-05-21","995"
"S08000016","Borders","2020-05-21","322"
"S08000017","Dumfries and Galloway","2020-05-21","257"
"S08000029","Fife","2020-05-21","826"
"S08000019","Forth Valley","2020-05-21","896"
"S08000020","Grampian","2020-05-21","1218"
"S08000031","Greater Glasgow and Clyde","2020-05-21","3806"
"S08000022","Highland","2020-05-21","334"
"S08000032","Lanarkshire","2020-05-21","1892"
"S08000024","Lothian","2020-05-21","2611"
"S08000025","Orkney","2020-05-21","7"
"S08000026","Shetland","2020-05-21","54"
"S08000030","Tayside","2020-05-21","1632"
"S08000028","Western Isles","2020-05-21","6"
"S08000015","Ayrshire and Arran","2020-05-20","987"
"S08000016","Borders","2020-05-20","322"
"S08000017","Dumfries and Galloway","2020-05-20","257"
"S08000029","Fife","2020-05-20","826"
"S08000019","Forth Valley","2020-05-20","894"
"S08000020","Grampian","2020-05-20","1216"
"S08000031","Greater Glasgow and Clyde","2020-05-20","3780"
"S08000022","Highland","2020-05-20","334"
"S08000032","Lanarkshire","2020-05-20","1867"
"S08000024","Lothian","2020-05-20","2584"
"S08000025","Orkney","2020-05-20","7"
"S08000026","Shetland","2020-05-20","54"
"S08000030","Tayside","2020-05-20","1617"
"S08000028","Western Isles","2020-05-20","6"
"S08000015","Ayrshire and Arran","2020-05-19","981"
"S08000016","Borders","2020-05-19","317"
"S08000017","Dumfries and Galloway","2020-05-19","257"
"S08000029","Fife","2020-05-19","825"
"S08000019","Forth Valley","2020-05-19","883"
"S08000020","Grampian","2020-05-19","1206"
"S08000031","Greater Glasgow and Clyde","2020-05-19","3759"
"S08000022","Highland","2020-05-19","333"
"S08000032","Lanarkshire","2020-05-19","1853"
"S08000024","Lothian","2020-05-19","2575"
"S08000025","Orkney","2020-05-19","7"
"S08000026","Shetland","2020-05-19","54"
"S08000030","Tayside","2020-05-19","1599"
"S08000028","Western Isles","2020-05-19","6"
"S08000015","Ayrshire and Arran","2020-05-18","976"
"S08000016","Borders","2020-05-18","316"
"S08000017","Dumfries and Galloway","2020-05-18","257"
"S08000029","Fife","2020-05-18","824"
"S08000019","Forth Valley","2020-05-18","880"
"S08000020","Grampian","2020-05-18","1200"
"S08000031","Greater Glasgow and Clyde","2020-05-18","3742"
"S08000022","Highland","2020-05-18","331"
"S08000032","Lanarkshire","2020-05-18","1840"
"S08000024","Lothian","2020-05-18","2568"
"S08000025","Orkney","2020-05-18","7"
"S08000026","Shetland","2020-05-18","54"
"S08000030","Tayside","2020-05-18","1593"
"S08000028","Western Isles","2020-05-18","6"
"S08000015","Ayrshire and Arran","2020-05-17","974"
"S08000016","Borders","2020-05-17","313"
"S08000017","Dumfries and Galloway","2020-05-17","257"
"S08000029","Fife","2020-05-17","824"
"S08000019","Forth Valley","2020-05-17","873"
"S08000020","Grampian","2020-05-17","1189"
"S08000031","Greater Glasgow and Clyde","2020-05-17","3731"
"S08000022","Highland","2020-05-17","331"
"S08000032","Lanarkshire","2020-05-17","1828"
"S08000024","Lothian","2020-05-17","2561"
"S08000025","Orkney","2020-05-17","7"
"S08000026","Shetland","2020-05-17","54"
"S08000030","Tayside","2020-05-17","1589"
"S08000028","Western Isles","2020-05-17","6"
"S08000015","Ayrshire and Arran","2020-05-16","966"
"S08000016","Borders","2020-05-16","310"
"S08000017","Dumfries and Galloway","2020-05-16","257"
"S08000029","Fife","2020-05-16","824"
"S08000019","Forth Valley","2020-05-16","871"
"S08000020","Grampian","2020-05-16","1181"
"S08000031","Greater Glasgow and Clyde","2020-05-16","3707"
"S08000022","Highland","2020-05-16","331"
"S08000032","Lanarkshire","2020-05-16","1812"
"S08000024","Lothian","2020-05-16","2539"
"S08000025","Orkney","2020-05-16","7"
"S08000026","Shetland","2020-05-16","54"
"S08000030","Tayside","2020-05-16","1582"
"S08000028","Western Isles","2020-05-16","6"
"S08000015","Ayrshire and Arran","2020-05-15","964"
"S08000016","Borders","2020-05-15","304"
"S08000017","Dumfries and Galloway","2020-05-15","255"
"S08000029","Fife","2020-05-15","824"
"S08000019","Forth Valley","2020-05-15","867"
"S08000020","Grampian","2020-05-15","1152"
"S08000031","Greater Glasgow and Clyde","2020-05-15","3663"
"S08000022","Highland","2020-05-15","331"
"S08000032","Lanarkshire","2020-05-15","1781"
"S08000024","Lothian","2020-05-15","2497"
"S08000025","Orkney","2020-05-15","7"
"S08000026","Shetland","2020-05-15","54"
"S08000030","Tayside","2020-05-15","1555"
"S08000028","Western Isles","2020-05-15","6"
"S08000015","Ayrshire and Arran","2020-05-14","952"
"S08000016","Borders","2020-05-14","298"
"S08000017","Dumfries and Galloway","2020-05-14","255"
"S08000029","Fife","2020-05-14","823"
"S08000019","Forth Valley","2020-05-14","863"
"S08000020","Grampian","2020-05-14","1142"
"S08000031","Greater Glasgow and Clyde","2020-05-14","3628"
"S08000022","Highland","2020-05-14","328"
"S08000032","Lanarkshire","2020-05-14","1762"
"S08000024","Lothian","2020-05-14","2459"
"S08000025","Orkney","2020-05-14","7"
"S08000026","Shetland","2020-05-14","54"
"S08000030","Tayside","2020-05-14","1540"
"S08000028","Western Isles","2020-05-14","6"
"S08000015","Ayrshire and Arran","2020-05-13","946"
"S08000016","Borders","2020-05-13","297"
"S08000017","Dumfries and Galloway","2020-05-13","254"
"S08000029","Fife","2020-05-13","816"
"S08000019","Forth Valley","2020-05-13","859"
"S08000020","Grampian","2020-05-13","1123"
"S08000031","Greater Glasgow and Clyde","2020-05-13","3579"
"S08000022","Highland","2020-05-13","324"
"S08000032","Lanarkshire","2020-05-13","1721"
"S08000024","Lothian","2020-05-13","2428"
"S08000025","Orkney","2020-05-13","7"
"S08000026","Shetland","2020-05-13","54"
"S08000030","Tayside","2020-05-13","1515"
"S08000028","Western Isles","2020-05-13","6"
"S08000015","Ayrshire and Arran","2020-05-12","925"
"S08000016","Borders","2020-05-12","294"
"S08000017","Dumfries and Galloway","2020-05-12","255"
"S08000029","Fife","2020-05-12","813"
"S08000019","Forth Valley","2020-05-12","856"
"S08000020","Grampian","2020-05-12","1102"
"S08000031","Greater Glasgow and Clyde","2020-05-12","3510"
"S08000022","Highland","2020-05-12","324"
"S08000032","Lanarkshire","2020-05-12","1715"
"S08000024","Lothian","2020-05-12","2397"
"S08000025","Orkney","2020-05-12","7"
"S08000026","Shetland","2020-05-12","54"
"S08000030","Tayside","2020-05-12","1505"
"S08000028","Western Isles","2020-05-12","6"
"S08000015","Ayrshire and Arran","2020-05-11","912"
"S08000016","Borders","2020-05-11","292"
"S08000017","Dumfries and Galloway","2020-05-11","255"
"S08000029","Fife","2020-05-11","813"
"S08000019","Forth Valley","2020-05-11","839"
"S08000020","Grampian","2020-05-11","1078"
"S08000031","Greater Glasgow and Clyde","2020-05-11","3479"
"S08000022","Highland","2020-05-11","322"
"S08000032","Lanarkshire","2020-05-11","1693"
"S08000024","Lothian","2020-05-11","2380"
"S08000025","Orkney","2020-05-11","7"
"S08000026","Shetland","2020-05-11","54"
"S08000030","Tayside","2020-05-11","1497"
"S08000028","Western Isles","2020-05-11","6"
"S08000015","Ayrshire and Arran","2020-05-10","904"
"S08000016","Borders","2020-05-10","286"
"S08000017","Dumfries and Galloway","2020-05-10","255"
"S08000029","Fife","2020-05-10","811"
"S08000019","Forth Valley","2020-05-10","828"
"S08000020","Grampian","2020-05-10","1050"
"S08000031","Greater Glasgow and Clyde","2020-05-10","3449"
"S08000022","Highland","2020-05-10","320"
"S08000032","Lanarkshire","2020-05-10","1660"
"S08000024","Lothian","2020-05-10","2359"
"S08000025","Orkney","2020-05-10","7"
"S08000026","Shetland","2020-05-10","54"
"S08000030","Tayside","2020-05-10","1497"
"S08000028","Western Isles","2020-05-10","6"
"S08000015","Ayrshire and Arran","2020-05-09","895"
"S08000016","Borders","2020-05-09","286"
"S08000017","Dumfries and Galloway","2020-05-09","255"
"S08000029","Fife","2020-05-09","810"
"S08000019","Forth Valley","2020-05-09","828"
"S08000020","Grampian","2020-05-09","1035"
"S08000031","Greater Glasgow and Clyde","2020-05-09","3367"
"S08000022","Highland","2020-05-09","317"
"S08000032","Lanarkshire","2020-05-09","1635"
"S08000024","Lothian","2020-05-09","2324"
"S08000025","Orkney","2020-05-09","7"
"S08000026","Shetland","2020-05-09","54"
"S08000030","Tayside","2020-05-09","1486"
"S08000028","Western Isles","2020-05-09","6"
"S08000015","Ayrshire and Arran","2020-05-08","885"
"S08000016","Borders","2020-05-08","286"
"S08000017","Dumfries and Galloway","2020-05-08","255"
"S08000029","Fife","2020-05-08","804"
"S08000019","Forth Valley","2020-05-08","828"
"S08000020","Grampian","2020-05-08","1001"
"S08000031","Greater Glasgow and Clyde","2020-05-08","3333"
"S08000022","Highland","2020-05-08","317"
"S08000032","Lanarkshire","2020-05-08","1628"
"S08000024","Lothian","2020-05-08","2274"
"S08000025","Orkney","2020-05-08","7"
"S08000026","Shetland","2020-05-08","54"
"S08000030","Tayside","2020-05-08","1471"
"S08000028","Western Isles","2020-05-08","6"
"S08000015","Ayrshire and Arran","2020-05-07","853"
"S08000016","Borders","2020-05-07","286"
"S08000017","Dumfries and Galloway","2020-05-07","254"
"S08000029","Fife","2020-05-07","801"
"S08000019","Forth Valley","2020-05-07","818"
"S08000020","Grampian","2020-05-07","973"
"S08000031","Greater Glasgow and Clyde","2020-05-07","3277"
"S08000022","Highland","2020-05-07","313"
"S08000032","Lanarkshire","2020-05-07","1576"
"S08000024","Lothian","2020-05-07","2241"
"S08000025","Orkney","2020-05-07","7"
"S08000026","Shetland","2020-05-07","54"
"S08000030","Tayside","2020-05-07","1465"
"S08000028","Western Isles","2020-05-07","6"
"S08000015","Ayrshire and Arran","2020-05-06","846"
"S08000016","Borders","2020-05-06","285"
"S08000017","Dumfries and Galloway","2020-05-06","254"
"S08000029","Fife","2020-05-06","792"
"S08000019","Forth Valley","2020-05-06","809"
"S08000020","Grampian","2020-05-06","957"
"S08000031","Greater Glasgow and Clyde","2020-05-06","3203"
"S08000022","Highland","2020-05-06","310"
"S08000032","Lanarkshire","2020-05-06","1541"
"S08000024","Lothian","2020-05-06","2200"
"S08000025","Orkney","2020-05-06","7"
"S08000026","Shetland","2020-05-06","54"
"S08000030","Tayside","2020-05-06","1445"
"S08000028","Western Isles","2020-05-06","6"
"S08000015","Ayrshire and Arran","2020-05-05","825"
"S08000016","Borders","2020-05-05","284"
"S08000017","Dumfries and Galloway","2020-05-05","254"
"S08000029","Fife","2020-05-05","784"
"S08000019","Forth Valley","2020-05-05","802"
"S08000020","Grampian","2020-05-05","946"
"S08000031","Greater Glasgow and Clyde","2020-05-05","3070"
"S08000022","Highland","2020-05-05","307"
"S08000032","Lanarkshire","2020-05-05","1520"
"S08000024","Lothian","2020-05-05","2149"
"S08000025","Orkney","2020-05-05","7"
"S08000026","Shetland","2020-05-05","54"
"S08000030","Tayside","2020-05-05","1429"
"S08000028","Western Isles","2020-05-05","6"
"S08000015","Ayrshire and Arran","2020-05-04","818"
"S08000016","Borders","2020-05-04","284"
"S08000017","Dumfries and Galloway","2020-05-04","250"
"S08000029","Fife","2020-05-04","778"
"S08000019","Forth Valley","2020-05-04","794"
"S08000020","Grampian","2020-05-04","931"
"S08000031","Greater Glasgow and Clyde","2020-05-04","3029"
"S08000022","Highland","2020-05-04","299"
"S08000032","Lanarkshire","2020-05-04","1492"
"S08000024","Lothian","2020-05-04","2113"
"S08000025","Orkney","2020-05-04","7"
"S08000026","Shetland","2020-05-04","54"
"S08000030","Tayside","2020-05-04","1411"
"S08000028","Western Isles","2020-05-04","6"
"S08000015","Ayrshire and Arran","2020-05-03","799"
"S08000016","Borders","2020-05-03","284"
"S08000017","Dumfries and Galloway","2020-05-03","250"
"S08000029","Fife","2020-05-03","776"
"S08000019","Forth Valley","2020-05-03","788"
"S08000020","Grampian","2020-05-03","898"
"S08000031","Greater Glasgow and Clyde","2020-05-03","2985"
"S08000022","Highland","2020-05-03","297"
"S08000032","Lanarkshire","2020-05-03","1454"
"S08000024","Lothian","2020-05-03","2089"
"S08000025","Orkney","2020-05-03","7"
"S08000026","Shetland","2020-05-03","54"
"S08000030","Tayside","2020-05-03","1410"
"S08000028","Western Isles","2020-05-03","6"
"S08000015","Ayrshire and Arran","2020-05-02","793"
"S08000016","Borders","2020-05-02","283"
"S08000017","Dumfries and Galloway","2020-05-02","250"
"S08000029","Fife","2020-05-02","768"
"S08000019","Forth Valley","2020-05-02","757"
"S08000020","Grampian","2020-05-02","889"
"S08000031","Greater Glasgow and Clyde","2020-05-02","2939"
"S08000022","Highland","2020-05-02","288"
"S08000032","Lanarkshire","2020-05-02","1436"
"S08000024","Lothian","2020-05-02","2065"
"S08000025","Orkney","2020-05-02","7"
"S08000026","Shetland","2020-05-02","54"
"S08000030","Tayside","2020-05-02","1392"
"S08000028","Western Isles","2020-05-02","6"
"S08000015","Ayrshire and Arran","2020-05-01","778"
"S08000016","Borders","2020-05-01","281"
"S08000017","Dumfries and Galloway","2020-05-01","249"
"S08000029","Fife","2020-05-01","750"
"S08000019","Forth Valley","2020-05-01","747"
"S08000020","Grampian","2020-05-01","866"
"S08000031","Greater Glasgow and Clyde","2020-05-01","2864"
"S08000022","Highland","2020-05-01","259"
"S08000032","Lanarkshire","2020-05-01","1400"
"S08000024","Lothian","2020-05-01","2014"
"S08000025","Orkney","2020-05-01","7"
"S08000026","Shetland","2020-05-01","54"
"S08000030","Tayside","2020-05-01","1379"
"S08000028","Western Isles","2020-05-01","6"
"S08000015","Ayrshire and Arran","2020-04-30","762"
"S08000016","Borders","2020-04-30","279"
"S08000017","Dumfries and Galloway","2020-04-30","246"
"S08000029","Fife","2020-04-30","737"
"S08000019","Forth Valley","2020-04-30","724"
"S08000020","Grampian","2020-04-30","834"
"S08000031","Greater Glasgow and Clyde","2020-04-30","2759"
"S08000022","Highland","2020-04-30","242"
"S08000032","Lanarkshire","2020-04-30","1374"
"S08000024","Lothian","2020-04-30","1980"
"S08000025","Orkney","2020-04-30","7"
"S08000026","Shetland","2020-04-30","54"
"S08000030","Tayside","2020-04-30","1349"
"S08000028","Western Isles","2020-04-30","6"
"S08000015","Ayrshire and Arran","2020-04-29","745"
"S08000016","Borders","2020-04-29","279"
"S08000017","Dumfries and Galloway","2020-04-29","244"
"S08000029","Fife","2020-04-29","712"
"S08000019","Forth Valley","2020-04-29","717"
"S08000020","Grampian","2020-04-29","813"
"S08000031","Greater Glasgow and Clyde","2020-04-29","2672"
"S08000022","Highland","2020-04-29","236"
"S08000032","Lanarkshire","2020-04-29","1329"
"S08000024","Lothian","2020-04-29","1907"
"S08000025","Orkney","2020-04-29","7"
"S08000026","Shetland","2020-04-29","54"
"S08000030","Tayside","2020-04-29","1313"
"S08000028","Western Isles","2020-04-29","6"
"S08000015","Ayrshire and Arran","2020-04-28","738"
"S08000016","Borders","2020-04-28","272"
"S08000017","Dumfries and Galloway","2020-04-28","243"
"S08000029","Fife","2020-04-28","692"
"S08000019","Forth Valley","2020-04-28","689"
"S08000020","Grampian","2020-04-28","782"
"S08000031","Greater Glasgow and Clyde","2020-04-28","2604"
"S08000022","Highland","2020-04-28","232"
"S08000032","Lanarkshire","2020-04-28","1297"
"S08000024","Lothian","2020-04-28","1832"
"S08000025","Orkney","2020-04-28","7"
"S08000026","Shetland","2020-04-28","54"
"S08000030","Tayside","2020-04-28","1273"
"S08000028","Western Isles","2020-04-28","6"
"S08000015","Ayrshire and Arran","2020-04-27","721"
"S08000016","Borders","2020-04-27","269"
"S08000017","Dumfries and Galloway","2020-04-27","243"
"S08000029","Fife","2020-04-27","681"
"S08000019","Forth Valley","2020-04-27","680"
"S08000020","Grampian","2020-04-27","771"
"S08000031","Greater Glasgow and Clyde","2020-04-27","2531"
"S08000022","Highland","2020-04-27","228"
"S08000032","Lanarkshire","2020-04-27","1265"
"S08000024","Lothian","2020-04-27","1804"
"S08000025","Orkney","2020-04-27","7"
"S08000026","Shetland","2020-04-27","54"
"S08000030","Tayside","2020-04-27","1261"
"S08000028","Western Isles","2020-04-27","6"
"S08000015","Ayrshire and Arran","2020-04-26","705"
"S08000016","Borders","2020-04-26","259"
"S08000017","Dumfries and Galloway","2020-04-26","240"
"S08000029","Fife","2020-04-26","672"
"S08000019","Forth Valley","2020-04-26","662"
"S08000020","Grampian","2020-04-26","748"
"S08000031","Greater Glasgow and Clyde","2020-04-26","2479"
"S08000022","Highland","2020-04-26","225"
"S08000032","Lanarkshire","2020-04-26","1231"
"S08000024","Lothian","2020-04-26","1785"
"S08000025","Orkney","2020-04-26","7"
"S08000026","Shetland","2020-04-26","54"
"S08000030","Tayside","2020-04-26","1251"
"S08000028","Western Isles","2020-04-26","6"
"S08000015","Ayrshire and Arran","2020-04-25","692"
"S08000016","Borders","2020-04-25","258"
"S08000017","Dumfries and Galloway","2020-04-25","237"
"S08000029","Fife","2020-04-25","653"
"S08000019","Forth Valley","2020-04-25","655"
"S08000020","Grampian","2020-04-25","700"
"S08000031","Greater Glasgow and Clyde","2020-04-25","2428"
"S08000022","Highland","2020-04-25","220"
"S08000032","Lanarkshire","2020-04-25","1187"
"S08000024","Lothian","2020-04-25","1730"
"S08000025","Orkney","2020-04-25","7"
"S08000026","Shetland","2020-04-25","54"
"S08000030","Tayside","2020-04-25","1224"
"S08000028","Western Isles","2020-04-25","6"
"S08000015","Ayrshire and Arran","2020-04-24","678"
"S08000016","Borders","2020-04-24","253"
"S08000017","Dumfries and Galloway","2020-04-24","235"
"S08000029","Fife","2020-04-24","637"
"S08000019","Forth Valley","2020-04-24","606"
"S08000020","Grampian","2020-04-24","638"
"S08000031","Greater Glasgow and Clyde","2020-04-24","2311"
"S08000022","Highland","2020-04-24","214"
"S08000032","Lanarkshire","2020-04-24","1176"
"S08000024","Lothian","2020-04-24","1684"
"S08000025","Orkney","2020-04-24","6"
"S08000026","Shetland","2020-04-24","54"
"S08000030","Tayside","2020-04-24","1199"
"S08000028","Western Isles","2020-04-24","6"
"S08000015","Ayrshire and Arran","2020-04-23","653"
"S08000016","Borders","2020-04-23","248"
"S08000017","Dumfries and Galloway","2020-04-23","235"
"S08000029","Fife","2020-04-23","619"
"S08000019","Forth Valley","2020-04-23","604"
"S08000020","Grampian","2020-04-23","602"
"S08000031","Greater Glasgow and Clyde","2020-04-23","2250"
"S08000022","Highland","2020-04-23","214"
"S08000032","Lanarkshire","2020-04-23","1155"
"S08000024","Lothian","2020-04-23","1604"
"S08000025","Orkney","2020-04-23","6"
"S08000026","Shetland","2020-04-23","54"
"S08000030","Tayside","2020-04-23","1159"
"S08000028","Western Isles","2020-04-23","6"
"S08000015","Ayrshire and Arran","2020-04-22","640"
"S08000016","Borders","2020-04-22","243"
"S08000017","Dumfries and Galloway","2020-04-22","235"
"S08000029","Fife","2020-04-22","593"
"S08000019","Forth Valley","2020-04-22","569"
"S08000020","Grampian","2020-04-22","550"
"S08000031","Greater Glasgow and Clyde","2020-04-22","2174"
"S08000022","Highland","2020-04-22","211"
"S08000032","Lanarkshire","2020-04-22","1118"
"S08000024","Lothian","2020-04-22","1515"
"S08000025","Orkney","2020-04-22","6"
"S08000026","Shetland","2020-04-22","54"
"S08000030","Tayside","2020-04-22","1124"
"S08000028","Western Isles","2020-04-22","6"
"S08000015","Ayrshire and Arran","2020-04-21","623"
"S08000016","Borders","2020-04-21","240"
"S08000017","Dumfries and Galloway","2020-04-21","231"
"S08000029","Fife","2020-04-21","561"
"S08000019","Forth Valley","2020-04-21","562"
"S08000020","Grampian","2020-04-21","519"
"S08000031","Greater Glasgow and Clyde","2020-04-21","2085"
"S08000022","Highland","2020-04-21","201"
"S08000032","Lanarkshire","2020-04-21","1076"
"S08000024","Lothian","2020-04-21","1426"
"S08000025","Orkney","2020-04-21","6"
"S08000026","Shetland","2020-04-21","52"
"S08000030","Tayside","2020-04-21","1084"
"S08000028","Western Isles","2020-04-21","6"
"S08000015","Ayrshire and Arran","2020-04-20","604"
"S08000016","Borders","2020-04-20","239"
"S08000017","Dumfries and Galloway","2020-04-20","231"
"S08000029","Fife","2020-04-20","542"
"S08000019","Forth Valley","2020-04-20","542"
"S08000020","Grampian","2020-04-20","490"
"S08000031","Greater Glasgow and Clyde","2020-04-20","2020"
"S08000022","Highland","2020-04-20","198"
"S08000032","Lanarkshire","2020-04-20","1051"
"S08000024","Lothian","2020-04-20","1399"
"S08000025","Orkney","2020-04-20","6"
"S08000026","Shetland","2020-04-20","51"
"S08000030","Tayside","2020-04-20","1071"
"S08000028","Western Isles","2020-04-20","6"
"S08000015","Ayrshire and Arran","2020-04-19","586"
"S08000016","Borders","2020-04-19","237"
"S08000017","Dumfries and Galloway","2020-04-19","229"
"S08000029","Fife","2020-04-19","532"
"S08000019","Forth Valley","2020-04-19","509"
"S08000020","Grampian","2020-04-19","464"
"S08000031","Greater Glasgow and Clyde","2020-04-19","1949"
"S08000022","Highland","2020-04-19","197"
"S08000032","Lanarkshire","2020-04-19","1022"
"S08000024","Lothian","2020-04-19","1344"
"S08000025","Orkney","2020-04-19","5"
"S08000026","Shetland","2020-04-19","51"
"S08000030","Tayside","2020-04-19","1056"
"S08000028","Western Isles","2020-04-19","6"
"S08000015","Ayrshire and Arran","2020-04-18","560"
"S08000016","Borders","2020-04-18","231"
"S08000017","Dumfries and Galloway","2020-04-18","222"
"S08000029","Fife","2020-04-18","514"
"S08000019","Forth Valley","2020-04-18","451"
"S08000020","Grampian","2020-04-18","432"
"S08000031","Greater Glasgow and Clyde","2020-04-18","1905"
"S08000022","Highland","2020-04-18","193"
"S08000032","Lanarkshire","2020-04-18","995"
"S08000024","Lothian","2020-04-18","1239"
"S08000025","Orkney","2020-04-18","5"
"S08000026","Shetland","2020-04-18","45"
"S08000030","Tayside","2020-04-18","1022"
"S08000028","Western Isles","2020-04-18","6"
"S08000015","Ayrshire and Arran","2020-04-17","536"
"S08000016","Borders","2020-04-17","229"
"S08000017","Dumfries and Galloway","2020-04-17","209"
"S08000029","Fife","2020-04-17","488"
"S08000019","Forth Valley","2020-04-17","431"
"S08000020","Grampian","2020-04-17","394"
"S08000031","Greater Glasgow and Clyde","2020-04-17","1794"
"S08000022","Highland","2020-04-17","187"
"S08000032","Lanarkshire","2020-04-17","934"
"S08000024","Lothian","2020-04-17","1172"
"S08000025","Orkney","2020-04-17","5"
"S08000026","Shetland","2020-04-17","45"
"S08000030","Tayside","2020-04-17","979"
"S08000028","Western Isles","2020-04-17","6"
"S08000015","Ayrshire and Arran","2020-04-16","503"
"S08000016","Borders","2020-04-16","220"
"S08000017","Dumfries and Galloway","2020-04-16","207"
"S08000029","Fife","2020-04-16","446"
"S08000019","Forth Valley","2020-04-16","400"
"S08000020","Grampian","2020-04-16","389"
"S08000031","Greater Glasgow and Clyde","2020-04-16","1742"
"S08000022","Highland","2020-04-16","184"
"S08000032","Lanarkshire","2020-04-16","911"
"S08000024","Lothian","2020-04-16","1107"
"S08000025","Orkney","2020-04-16","5"
"S08000026","Shetland","2020-04-16","45"
"S08000030","Tayside","2020-04-16","937"
"S08000028","Western Isles","2020-04-16","6"
"S08000015","Ayrshire and Arran","2020-04-15","457"
"S08000016","Borders","2020-04-15","215"
"S08000017","Dumfries and Galloway","2020-04-15","207"
"S08000029","Fife","2020-04-15","424"
"S08000019","Forth Valley","2020-04-15","380"
"S08000020","Grampian","2020-04-15","357"
"S08000031","Greater Glasgow and Clyde","2020-04-15","1661"
"S08000022","Highland","2020-04-15","180"
"S08000032","Lanarkshire","2020-04-15","873"
"S08000024","Lothian","2020-04-15","1040"
"S08000025","Orkney","2020-04-15","5"
"S08000026","Shetland","2020-04-15","45"
"S08000030","Tayside","2020-04-15","898"
"S08000028","Western Isles","2020-04-15","6"
"S08000015","Ayrshire and Arran","2020-04-14","416"
"S08000016","Borders","2020-04-14","208"
"S08000017","Dumfries and Galloway","2020-04-14","199"
"S08000029","Fife","2020-04-14","397"
"S08000019","Forth Valley","2020-04-14","367"
"S08000020","Grampian","2020-04-14","335"
"S08000031","Greater Glasgow and Clyde","2020-04-14","1575"
"S08000022","Highland","2020-04-14","168"
"S08000032","Lanarkshire","2020-04-14","822"
"S08000024","Lothian","2020-04-14","989"
"S08000025","Orkney","2020-04-14","5"
"S08000026","Shetland","2020-04-14","45"
"S08000030","Tayside","2020-04-14","826"
"S08000028","Western Isles","2020-04-14","6"
"S08000015","Ayrshire and Arran","2020-04-13","390"
"S08000016","Borders","2020-04-13","204"
"S08000017","Dumfries and Galloway","2020-04-13","192"
"S08000029","Fife","2020-04-13","383"
"S08000019","Forth Valley","2020-04-13","352"
"S08000020","Grampian","2020-04-13","313"
"S08000031","Greater Glasgow and Clyde","2020-04-13","1486"
"S08000022","Highland","2020-04-13","163"
"S08000032","Lanarkshire","2020-04-13","784"
"S08000024","Lothian","2020-04-13","932"
"S08000025","Orkney","2020-04-13","5"
"S08000026","Shetland","2020-04-13","45"
"S08000030","Tayside","2020-04-13","812"
"S08000028","Western Isles","2020-04-13","6"
"S08000015","Ayrshire and Arran","2020-04-12","390"
"S08000016","Borders","2020-04-12","199"
"S08000017","Dumfries and Galloway","2020-04-12","186"
"S08000029","Fife","2020-04-12","379"
"S08000019","Forth Valley","2020-04-12","337"
"S08000020","Grampian","2020-04-12","291"
"S08000031","Greater Glasgow and Clyde","2020-04-12","1449"
"S08000022","Highland","2020-04-12","151"
"S08000032","Lanarkshire","2020-04-12","758"
"S08000024","Lothian","2020-04-12","915"
"S08000025","Orkney","2020-04-12","5"
"S08000026","Shetland","2020-04-12","43"
"S08000030","Tayside","2020-04-12","803"
"S08000028","Western Isles","2020-04-12","6"
"S08000015","Ayrshire and Arran","2020-04-11","376"
"S08000016","Borders","2020-04-11","189"
"S08000017","Dumfries and Galloway","2020-04-11","179"
"S08000029","Fife","2020-04-11","356"
"S08000019","Forth Valley","2020-04-11","324"
"S08000020","Grampian","2020-04-11","261"
"S08000031","Greater Glasgow and Clyde","2020-04-11","1387"
"S08000022","Highland","2020-04-11","148"
"S08000032","Lanarkshire","2020-04-11","707"
"S08000024","Lothian","2020-04-11","856"
"S08000025","Orkney","2020-04-11","5"
"S08000026","Shetland","2020-04-11","43"
"S08000030","Tayside","2020-04-11","753"
"S08000028","Western Isles","2020-04-11","6"
"S08000015","Ayrshire and Arran","2020-04-10","364"
"S08000016","Borders","2020-04-10","177"
"S08000017","Dumfries and Galloway","2020-04-10","164"
"S08000029","Fife","2020-04-10","333"
"S08000019","Forth Valley","2020-04-10","302"
"S08000020","Grampian","2020-04-10","251"
"S08000031","Greater Glasgow and Clyde","2020-04-10","1314"
"S08000022","Highland","2020-04-10","144"
"S08000032","Lanarkshire","2020-04-10","662"
"S08000024","Lothian","2020-04-10","799"
"S08000026","Shetland","2020-04-10","43"
"S08000030","Tayside","2020-04-10","712"
"S08000015","Ayrshire and Arran","2020-04-09","362"
"S08000016","Borders","2020-04-09","167"
"S08000017","Dumfries and Galloway","2020-04-09","163"
"S08000029","Fife","2020-04-09","288"
"S08000019","Forth Valley","2020-04-09","280"
"S08000020","Grampian","2020-04-09","236"
"S08000031","Greater Glasgow and Clyde","2020-04-09","1251"
"S08000022","Highland","2020-04-09","137"
"S08000032","Lanarkshire","2020-04-09","607"
"S08000024","Lothian","2020-04-09","747"
"S08000026","Shetland","2020-04-09","43"
"S08000030","Tayside","2020-04-09","667"
"S08000015","Ayrshire and Arran","2020-04-08","312"
"S08000016","Borders","2020-04-08","160"
"S08000017","Dumfries and Galloway","2020-04-08","155"
"S08000029","Fife","2020-04-08","255"
"S08000019","Forth Valley","2020-04-08","259"
"S08000020","Grampian","2020-04-08","223"
"S08000031","Greater Glasgow and Clyde","2020-04-08","1166"
"S08000022","Highland","2020-04-08","122"
"S08000032","Lanarkshire","2020-04-08","575"
"S08000024","Lothian","2020-04-08","700"
"S08000026","Shetland","2020-04-08","43"
"S08000030","Tayside","2020-04-08","586"
"S08000015","Ayrshire and Arran","2020-04-07","296"
"S08000016","Borders","2020-04-07","149"
"S08000017","Dumfries and Galloway","2020-04-07","152"
"S08000029","Fife","2020-04-07","239"
"S08000019","Forth Valley","2020-04-07","243"
"S08000020","Grampian","2020-04-07","210"
"S08000031","Greater Glasgow and Clyde","2020-04-07","1094"
"S08000022","Highland","2020-04-07","112"
"S08000032","Lanarkshire","2020-04-07","547"
"S08000024","Lothian","2020-04-07","621"
"S08000026","Shetland","2020-04-07","42"
"S08000030","Tayside","2020-04-07","516"
"S08000015","Ayrshire and Arran","2020-04-06","288"
"S08000016","Borders","2020-04-06","139"
"S08000017","Dumfries and Galloway","2020-04-06","144"
"S08000029","Fife","2020-04-06","227"
"S08000019","Forth Valley","2020-04-06","231"
"S08000020","Grampian","2020-04-06","209"
"S08000031","Greater Glasgow and Clyde","2020-04-06","984"
"S08000022","Highland","2020-04-06","102"
"S08000032","Lanarkshire","2020-04-06","512"
"S08000024","Lothian","2020-04-06","577"
"S08000026","Shetland","2020-04-06","41"
"S08000030","Tayside","2020-04-06","499"
"S08000015","Ayrshire and Arran","2020-04-05","267"
"S08000016","Borders","2020-04-05","130"
"S08000017","Dumfries and Galloway","2020-04-05","141"
"S08000029","Fife","2020-04-05","200"
"S08000019","Forth Valley","2020-04-05","226"
"S08000020","Grampian","2020-04-05","194"
"S08000031","Greater Glasgow and Clyde","2020-04-05","931"
"S08000022","Highland","2020-04-05","99"
"S08000032","Lanarkshire","2020-04-05","478"
"S08000024","Lothian","2020-04-05","534"
"S08000026","Shetland","2020-04-05","41"
"S08000030","Tayside","2020-04-05","457"
"S08000015","Ayrshire and Arran","2020-04-04","254"
"S08000016","Borders","2020-04-04","110"
"S08000017","Dumfries and Galloway","2020-04-04","127"
"S08000029","Fife","2020-04-04","173"
"S08000019","Forth Valley","2020-04-04","208"
"S08000020","Grampian","2020-04-04","177"
"S08000031","Greater Glasgow and Clyde","2020-04-04","851"
"S08000022","Highland","2020-04-04","85"
"S08000032","Lanarkshire","2020-04-04","427"
"S08000024","Lothian","2020-04-04","476"
"S08000026","Shetland","2020-04-04","40"
"S08000030","Tayside","2020-04-04","410"
"S08000015","Ayrshire and Arran","2020-04-03","240"
"S08000016","Borders","2020-04-03","100"
"S08000017","Dumfries and Galloway","2020-04-03","122"
"S08000029","Fife","2020-04-03","147"
"S08000019","Forth Valley","2020-04-03","189"
"S08000020","Grampian","2020-04-03","173"
"S08000031","Greater Glasgow and Clyde","2020-04-03","779"
"S08000022","Highland","2020-04-03","72"
"S08000032","Lanarkshire","2020-04-03","377"
"S08000024","Lothian","2020-04-03","408"
"S08000026","Shetland","2020-04-03","36"
"S08000030","Tayside","2020-04-03","353"
"S08000015","Ayrshire and Arran","2020-04-02","221"
"S08000016","Borders","2020-04-02","93"
"S08000017","Dumfries and Galloway","2020-04-02","104"
"S08000029","Fife","2020-04-02","119"
"S08000019","Forth Valley","2020-04-02","172"
"S08000020","Grampian","2020-04-02","128"
"S08000031","Greater Glasgow and Clyde","2020-04-02","682"
"S08000022","Highland","2020-04-02","65"
"S08000032","Lanarkshire","2020-04-02","320"
"S08000024","Lothian","2020-04-02","356"
"S08000026","Shetland","2020-04-02","30"
"S08000030","Tayside","2020-04-02","307"
"S08000015","Ayrshire and Arran","2020-04-01","199"
"S08000016","Borders","2020-04-01","87"
"S08000017","Dumfries and Galloway","2020-04-01","100"
"S08000029","Fife","2020-04-01","96"
"S08000019","Forth Valley","2020-04-01","146"
"S08000020","Grampian","2020-04-01","108"
"S08000031","Greater Glasgow and Clyde","2020-04-01","632"
"S08000022","Highland","2020-04-01","58"
"S08000032","Lanarkshire","2020-04-01","284"
"S08000024","Lothian","2020-04-01","311"
"S08000026","Shetland","2020-04-01","30"
"S08000030","Tayside","2020-04-01","254"
"S08000015","Ayrshire and Arran","2020-03-31","177"
"S08000016","Borders","2020-03-31","77"
"S08000017","Dumfries and Galloway","2020-03-31","92"
"S08000029","Fife","2020-03-31","76"
"S08000019","Forth Valley","2020-03-31","131"
"S08000020","Grampian","2020-03-31","86"
"S08000031","Greater Glasgow and Clyde","2020-03-31","547"
"S08000022","Highland","2020-03-31","51"
"S08000032","Lanarkshire","2020-03-31","244"
"S08000024","Lothian","2020-03-31","269"
"S08000026","Shetland","2020-03-31","29"
"S08000030","Tayside","2020-03-31","214"
"S08000015","Ayrshire and Arran","2020-03-30","154"
"S08000016","Borders","2020-03-30","63"
"S08000017","Dumfries and Galloway","2020-03-30","74"
"S08000029","Fife","2020-03-30","70"
"S08000019","Forth Valley","2020-03-30","103"
"S08000020","Grampian","2020-03-30","66"
"S08000031","Greater Glasgow and Clyde","2020-03-30","449"
"S08000022","Highland","2020-03-30","44"
"S08000032","Lanarkshire","2020-03-30","197"
"S08000024","Lothian","2020-03-30","208"
"S08000026","Shetland","2020-03-30","27"
"S08000030","Tayside","2020-03-30","177"
"S08000015","Ayrshire and Arran","2020-03-29","108"
"S08000016","Borders","2020-03-29","50"
"S08000017","Dumfries and Galloway","2020-03-29","63"
"S08000029","Fife","2020-03-29","58"
"S08000019","Forth Valley","2020-03-29","94"
"S08000020","Grampian","2020-03-29","62"
"S08000031","Greater Glasgow and Clyde","2020-03-29","401"
"S08000022","Highland","2020-03-29","41"
"S08000032","Lanarkshire","2020-03-29","184"
"S08000024","Lothian","2020-03-29","188"
"S08000026","Shetland","2020-03-29","27"
"S08000030","Tayside","2020-03-29","141"
"S08000015","Ayrshire and Arran","2020-03-28","90"
"S08000016","Borders","2020-03-28","35"
"S08000017","Dumfries and Galloway","2020-03-28","60"
"S08000029","Fife","2020-03-28","51"
"S08000019","Forth Valley","2020-03-28","94"
"S08000020","Grampian","2020-03-28","52"
"S08000031","Greater Glasgow and Clyde","2020-03-28","376"
"S08000022","Highland","2020-03-28","36"
"S08000032","Lanarkshire","2020-03-28","165"
"S08000024","Lothian","2020-03-28","151"
"S08000026","Shetland","2020-03-28","27"
"S08000030","Tayside","2020-03-28","127"
"S08000015","Ayrshire and Arran","2020-03-27","75"
"S08000016","Borders","2020-03-27","28"
"S08000017","Dumfries and Galloway","2020-03-27","47"
"S08000029","Fife","2020-03-27","41"
"S08000019","Forth Valley","2020-03-27","81"
"S08000020","Grampian","2020-03-27","45"
"S08000031","Greater Glasgow and Clyde","2020-03-27","299"
"S08000022","Highland","2020-03-27","33"
"S08000032","Lanarkshire","2020-03-27","140"
"S08000024","Lothian","2020-03-27","139"
"S08000026","Shetland","2020-03-27","24"
"S08000030","Tayside","2020-03-27","107"
"S08000015","Ayrshire and Arran","2020-03-26","74"
"S08000016","Borders","2020-03-26","23"
"S08000017","Dumfries and Galloway","2020-03-26","39"
"S08000029","Fife","2020-03-26","40"
"S08000019","Forth Valley","2020-03-26","75"
"S08000020","Grampian","2020-03-26","31"
"S08000031","Greater Glasgow and Clyde","2020-03-26","258"
"S08000022","Highland","2020-03-26","29"
"S08000032","Lanarkshire","2020-03-26","114"
"S08000024","Lothian","2020-03-26","111"
"S08000026","Shetland","2020-03-26","24"
"S08000030","Tayside","2020-03-26","76"
"S08000015","Ayrshire and Arran","2020-03-25","57"
"S08000016","Borders","2020-03-25","15"
"S08000017","Dumfries and Galloway","2020-03-25","31"
"S08000029","Fife","2020-03-25","29"
"S08000019","Forth Valley","2020-03-25","59"
"S08000020","Grampian","2020-03-25","29"
"S08000031","Greater Glasgow and Clyde","2020-03-25","221"
"S08000022","Highland","2020-03-25","22"
"S08000032","Lanarkshire","2020-03-25","87"
"S08000024","Lothian","2020-03-25","88"
"S08000026","Shetland","2020-03-25","24"
"S08000030","Tayside","2020-03-25","57"
"S08000015","Ayrshire and Arran","2020-03-24","41"
"S08000016","Borders","2020-03-24","12"
"S08000017","Dumfries and Galloway","2020-03-24","26"
"S08000029","Fife","2020-03-24","25"
"S08000019","Forth Valley","2020-03-24","43"
"S08000020","Grampian","2020-03-24","24"
"S08000031","Greater Glasgow and Clyde","2020-03-24","183"
"S08000022","Highland","2020-03-24","13"
"S08000032","Lanarkshire","2020-03-24","75"
"S08000024","Lothian","2020-03-24","70"
"S08000026","Shetland","2020-03-24","24"
"S08000030","Tayside","2020-03-24","48"
"S08000015","Ayrshire and Arran","2020-03-23","34"
"S08000016","Borders","2020-03-23","12"
"S08000017","Dumfries and Galloway","2020-03-23","18"
"S08000029","Fife","2020-03-23","19"
"S08000019","Forth Valley","2020-03-23","40"
"S08000020","Grampian","2020-03-23","24"
"S08000031","Greater Glasgow and Clyde","2020-03-23","152"
"S08000022","Highland","2020-03-23","12"
"S08000032","Lanarkshire","2020-03-23","58"
"S08000024","Lothian","2020-03-23","59"
"S08000026","Shetland","2020-03-23","24"
"S08000030","Tayside","2020-03-23","47"
"S08000015","Ayrshire and Arran","2020-03-22","25"
"S08000016","Borders","2020-03-22","11"
"S08000017","Dumfries and Galloway","2020-03-22","16"
"S08000029","Fife","2020-03-22","16"
"S08000019","Forth Valley","2020-03-22","30"
"S08000020","Grampian","2020-03-22","23"
"S08000031","Greater Glasgow and Clyde","2020-03-22","130"
"S08000022","Highland","2020-03-22","8"
"S08000032","Lanarkshire","2020-03-22","49"
"S08000024","Lothian","2020-03-22","46"
"S08000026","Shetland","2020-03-22","24"
"S08000030","Tayside","2020-03-22","38"
"S08000015","Ayrshire and Arran","2020-03-21","21"
"S08000016","Borders","2020-03-21","10"
"S08000017","Dumfries and Galloway","2020-03-21","13"
"S08000029","Fife","2020-03-21","13"
"S08000019","Forth Valley","2020-03-21","27"
"S08000020","Grampian","2020-03-21","20"
"S08000031","Greater Glasgow and Clyde","2020-03-21","110"
"S08000022","Highland","2020-03-21","8"
"S08000032","Lanarkshire","2020-03-21","49"
"S08000024","Lothian","2020-03-21","44"
"S08000026","Shetland","2020-03-21","24"
"S08000030","Tayside","2020-03-21","34"
"S08000015","Ayrshire and Arran","2020-03-20","16"
"S08000016","Borders","2020-03-20","9"
"S08000017","Dumfries and Galloway","2020-03-20","10"
"S08000029","Fife","2020-03-20","12"
"S08000019","Forth Valley","2020-03-20","23"
"S08000020","Grampian","2020-03-20","19"
"S08000031","Greater Glasgow and Clyde","2020-03-20","91"
"S08000022","Highland","2020-03-20","6"
"S08000032","Lanarkshire","2020-03-20","41"
"S08000024","Lothian","2020-03-20","40"
"S08000026","Shetland","2020-03-20","24"
"S08000030","Tayside","2020-03-20","31"
"S08000015","Ayrshire and Arran","2020-03-19","12"
"S08000016","Borders","2020-03-19","8"
"S08000017","Dumfries and Galloway","2020-03-19","6"
"S08000029","Fife","2020-03-19","9"
"S08000019","Forth Valley","2020-03-19","17"
"S08000020","Grampian","2020-03-19","18"
"S08000031","Greater Glasgow and Clyde","2020-03-19","71"
"S08000022","Highland","2020-03-19","6"
"S08000032","Lanarkshire","2020-03-19","33"
"S08000024","Lothian","2020-03-19","35"
"S08000026","Shetland","2020-03-19","24"
"S08000030","Tayside","2020-03-19","27"
"S08000015","Ayrshire and Arran","2020-03-18","9"
"S08000016","Borders","2020-03-18","7"
"S08000029","Fife","2020-03-18","8"
"S08000019","Forth Valley","2020-03-18","15"
"S08000020","Grampian","2020-03-18","18"
"S08000031","Greater Glasgow and Clyde","2020-03-18","57"
"S08000022","Highland","2020-03-18","5"
"S08000032","Lanarkshire","2020-03-18","25"
"S08000024","Lothian","2020-03-18","33"
"S08000026","Shetland","2020-03-18","16"
"S08000030","Tayside","2020-03-18","24"
"S08000015","Ayrshire and Arran","2020-03-17","6"
"S08000016","Borders","2020-03-17","7"
"S08000029","Fife","2020-03-17","7"
"S08000019","Forth Valley","2020-03-17","12"
"S08000020","Grampian","2020-03-17","18"
"S08000031","Greater Glasgow and Clyde","2020-03-17","49"
"S08000022","Highland","2020-03-17","5"
"S08000032","Lanarkshire","2020-03-17","21"
"S08000024","Lothian","2020-03-17","30"
"S08000026","Shetland","2020-03-17","15"
"S08000030","Tayside","2020-03-17","20"
"S08000015","Ayrshire and Arran","2020-03-16","6"
"S08000016","Borders","2020-03-16","7"
"S08000029","Fife","2020-03-16","7"
"S08000019","Forth Valley","2020-03-16","10"
"S08000020","Grampian","2020-03-16","12"
"S08000031","Greater Glasgow and Clyde","2020-03-16","44"
"S08000032","Lanarkshire","2020-03-16","20"
"S08000024","Lothian","2020-03-16","29"
"S08000026","Shetland","2020-03-16","15"
"S08000030","Tayside","2020-03-16","17"
"S08000015","Ayrshire and Arran","2020-03-15","6"
"S08000016","Borders","2020-03-15","7"
"S08000029","Fife","2020-03-15","7"
"S08000019","Forth Valley","2020-03-15","10"
"S08000020","Grampian","2020-03-15","12"
"S08000031","Greater Glasgow and Clyde","2020-03-15","39"
"S08000032","Lanarkshire","2020-03-15","16"
"S08000024","Lothian","2020-03-15","28"
"S08000026","Shetland","2020-03-15","13"
"S08000030","Tayside","2020-03-15","15"
"S08000015","Ayrshire and Arran","2020-03-14","6"
"S08000016","Borders","2020-03-14","5"
"S08000029","Fife","2020-03-14","6"
"S08000019","Forth Valley","2020-03-14","6"
"S08000020","Grampian","2020-03-14","9"
"S08000031","Greater Glasgow and Clyde","2020-03-14","31"
"S08000032","Lanarkshire","2020-03-14","10"
"S08000024","Lothian","2020-03-14","25"
"S08000026","Shetland","2020-03-14","13"
"S08000030","Tayside","2020-03-14","11"
"S08000019","Forth Valley","2020-03-13","6"
"S08000020","Grampian","2020-03-13","9"
"S08000031","Greater Glasgow and Clyde","2020-03-13","20"
"S08000032","Lanarkshire","2020-03-13","7"
"S08000024","Lothian","2020-03-13","19"
"S08000026","Shetland","2020-03-13","8"
"S08000019","Forth Valley","2020-03-12","6"
"S08000020","Grampian","2020-03-12","7"
"S08000031","Greater Glasgow and Clyde","2020-03-12","10"
"S08000032","Lanarkshire","2020-03-12","7"
"S08000024","Lothian","2020-03-12","11"
"S08000026","Shetland","2020-03-12","6"
"S08000020","Grampian","2020-03-11","6"
"S08000031","Greater Glasgow and Clyde","2020-03-11","5"
"S08000024","Lothian","2020-03-11","8"
"S08000020","Grampian","2020-03-10","6"
"S08000024","Lothian","2020-03-10","7"
"S08000024","Lothian","2020-03-09","5"
